[
  {
    "pk": 5,
    "model": "contenttypes.contenttype",
    "fields": {
      "model": "contenttype",
      "name": "content type",
      "app_label": "contenttypes"
    }
  },
  {
    "pk": 18,
    "model": "contenttypes.contenttype",
    "fields": {
      "model": "event",
      "name": "event",
      "app_label": "project2"
    }
  },
  {
    "pk": 19,
    "model": "contenttypes.contenttype",
    "fields": {
      "model": "eventstudent",
      "name": "event student",
      "app_label": "project2"
    }
  },
  {
    "pk": 2,
    "model": "contenttypes.contenttype",
    "fields": {
      "model": "group",
      "name": "group",
      "app_label": "auth"
    }
  },
  {
    "pk": 15,
    "model": "contenttypes.contenttype",
    "fields": {
      "model": "interest",
      "name": "interest",
      "app_label": "project2"
    }
  },
  {
    "pk": 9,
    "model": "contenttypes.contenttype",
    "fields": {
      "model": "logentry",
      "name": "log entry",
      "app_label": "admin"
    }
  },
  {
    "pk": 4,
    "model": "contenttypes.contenttype",
    "fields": {
      "model": "message",
      "name": "message",
      "app_label": "auth"
    }
  },
  {
    "pk": 8,
    "model": "contenttypes.contenttype",
    "fields": {
      "model": "message",
      "name": "Message",
      "app_label": "messages"
    }
  },
  {
    "pk": 23,
    "model": "contenttypes.contenttype",
    "fields": {
      "model": "message",
      "name": "message",
      "app_label": "chatrooms"
    }
  },
  {
    "pk": 1,
    "model": "contenttypes.contenttype",
    "fields": {
      "model": "permission",
      "name": "permission",
      "app_label": "auth"
    }
  },
  {
    "pk": 21,
    "model": "contenttypes.contenttype",
    "fields": {
      "model": "registrationprofile",
      "name": "registration profile",
      "app_label": "registration"
    }
  },
  {
    "pk": 22,
    "model": "contenttypes.contenttype",
    "fields": {
      "model": "room",
      "name": "room",
      "app_label": "chatrooms"
    }
  },
  {
    "pk": 17,
    "model": "contenttypes.contenttype",
    "fields": {
      "model": "serie",
      "name": "serie",
      "app_label": "project2"
    }
  },
  {
    "pk": 6,
    "model": "contenttypes.contenttype",
    "fields": {
      "model": "session",
      "name": "session",
      "app_label": "sessions"
    }
  },
  {
    "pk": 7,
    "model": "contenttypes.contenttype",
    "fields": {
      "model": "site",
      "name": "site",
      "app_label": "sites"
    }
  },
  {
    "pk": 16,
    "model": "contenttypes.contenttype",
    "fields": {
      "model": "special_message",
      "name": "special_message",
      "app_label": "project2"
    }
  },
  {
    "pk": 12,
    "model": "contenttypes.contenttype",
    "fields": {
      "model": "specialization",
      "name": "specialization",
      "app_label": "project2"
    }
  },
  {
    "pk": 20,
    "model": "contenttypes.contenttype",
    "fields": {
      "model": "stage",
      "name": "stage",
      "app_label": "project2"
    }
  },
  {
    "pk": 14,
    "model": "contenttypes.contenttype",
    "fields": {
      "model": "student",
      "name": "student",
      "app_label": "project2"
    }
  },
  {
    "pk": 10,
    "model": "contenttypes.contenttype",
    "fields": {
      "model": "teacher",
      "name": "teacher",
      "app_label": "project2"
    }
  },
  {
    "pk": 11,
    "model": "contenttypes.contenttype",
    "fields": {
      "model": "theme",
      "name": "theme",
      "app_label": "project2"
    }
  },
  {
    "pk": 13,
    "model": "contenttypes.contenttype",
    "fields": {
      "model": "typeofwork",
      "name": "type of work",
      "app_label": "project2"
    }
  },
  {
    "pk": 3,
    "model": "contenttypes.contenttype",
    "fields": {
      "model": "user",
      "name": "user",
      "app_label": "auth"
    }
  },
  {
    "pk": "e7035a9b468d809e18833bc10e54a79b",
    "model": "sessions.session",
    "fields": {
      "expire_date": "2012-04-09 15:16:44",
      "session_data": "ZmVhMzExMjUyZTIxMzM3YWMyMmJiZWVmOGM1Mjc3YzZlZWFmMTlkZDqAAn1xAShVEl9hdXRoX3Vz\nZXJfYmFja2VuZHECVSlkamFuZ28uY29udHJpYi5hdXRoLmJhY2tlbmRzLk1vZGVsQmFja2VuZHED\nVQ1fYXV0aF91c2VyX2lkcQSKAQF1Lg==\n"
    }
  },
  {
    "pk": "1eb904a2da4c0b6adfc7fa796c8b0013",
    "model": "sessions.session",
    "fields": {
      "expire_date": "2012-04-11 11:33:02",
      "session_data": "YWRiMzViZmZlMGEwNTQ4MmI4ZmYxMzdmYmNiYzA4MGMwMmYyZTYzNTqAAn1xAShVEl9hdXRoX3Vz\nZXJfYmFja2VuZFUpZGphbmdvLmNvbnRyaWIuYXV0aC5iYWNrZW5kcy5Nb2RlbEJhY2tlbmRVDV9h\ndXRoX3VzZXJfaWSKAQJ1Lg==\n"
    }
  },
  {
    "pk": 1,
    "model": "sites.site",
    "fields": {
      "domain": "example.com",
      "name": "example.com"
    }
  },
  {
    "pk": 2,
    "model": "messages.message",
    "fields": {
      "body": "\u041f\u0438\u043b\u0438\u0442\u0435, \u0428\u0443\u0440\u0430!",
      "recipient_deleted_at": null,
      "sender_deleted_at": null,
      "read_at": "2012-03-26 16:04:21",
      "parent_msg": null,
      "sent_at": "2012-03-26 16:02:00",
      "replied_at": null,
      "subject": "\u0422\u0435\u043c\u0430",
      "recipient": 2,
      "sender": 3
    }
  },
  {
    "pk": 1,
    "model": "messages.message",
    "fields": {
      "body": " ",
      "recipient_deleted_at": null,
      "sender_deleted_at": null,
      "read_at": "2012-03-26 16:00:51",
      "parent_msg": null,
      "sent_at": "2012-03-26 16:00:21",
      "replied_at": null,
      "subject": "\u0417\u0430\u043f\u0440\u043e\u0441",
      "recipient": 3,
      "sender": 2
    }
  },
  {
    "pk": 17,
    "model": "admin.logentry",
    "fields": {
      "action_flag": 1,
      "action_time": "2012-03-28 11:21:40",
      "object_repr": "\u0414\u043c\u0438\u0442\u0440\u0438\u0439 \u041a\u0435\u0442\u043e\u0432",
      "object_id": "2",
      "change_message": "",
      "user": 1,
      "content_type": 10
    }
  },
  {
    "pk": 16,
    "model": "admin.logentry",
    "fields": {
      "action_flag": 2,
      "action_time": "2012-03-28 11:19:12",
      "object_repr": "t2",
      "object_id": "5",
      "change_message": "\u0418\u0437\u043c\u0435\u043d\u0435\u043d first_name \u0438 last_name.",
      "user": 1,
      "content_type": 3
    }
  },
  {
    "pk": 15,
    "model": "admin.logentry",
    "fields": {
      "action_flag": 2,
      "action_time": "2012-03-26 15:44:31",
      "object_repr": "\u0410\u043b\u0435\u043a\u0441\u0435\u0439 \u041c\u043e\u0438\u0441\u0435\u0435\u0432",
      "object_id": "1",
      "change_message": "\u0418\u0437\u043c\u0435\u043d\u0435\u043d sex.",
      "user": 1,
      "content_type": 14
    }
  },
  {
    "pk": 14,
    "model": "admin.logentry",
    "fields": {
      "action_flag": 1,
      "action_time": "2012-03-26 15:44:18",
      "object_repr": "\u0418\u0433\u043e\u0440\u044c \u0410\u0440\u0445\u0438\u043c\u0430\u043d\u0434\u0440\u0438\u0442\u043e\u0432",
      "object_id": "1",
      "change_message": "",
      "user": 1,
      "content_type": 10
    }
  },
  {
    "pk": 13,
    "model": "admin.logentry",
    "fields": {
      "action_flag": 2,
      "action_time": "2012-03-26 15:43:47",
      "object_repr": "t1",
      "object_id": "3",
      "change_message": "\u0418\u0437\u043c\u0435\u043d\u0435\u043d first_name \u0438 last_name.",
      "user": 1,
      "content_type": 3
    }
  },
  {
    "pk": 12,
    "model": "admin.logentry",
    "fields": {
      "action_flag": 1,
      "action_time": "2012-03-26 15:32:23",
      "object_repr": "room 2",
      "object_id": "2",
      "change_message": "",
      "user": 1,
      "content_type": 22
    }
  },
  {
    "pk": 11,
    "model": "admin.logentry",
    "fields": {
      "action_flag": 1,
      "action_time": "2012-03-26 15:32:08",
      "object_repr": "room 1",
      "object_id": "1",
      "change_message": "",
      "user": 1,
      "content_type": 22
    }
  },
  {
    "pk": 10,
    "model": "admin.logentry",
    "fields": {
      "action_flag": 2,
      "action_time": "2012-03-26 15:30:51",
      "object_repr": "\u041f\u0440\u0438\u0432\u0430\u0442\u043d\u0430\u044f \u0432\u0441\u0442\u0440\u0435\u0447\u0430",
      "object_id": "3",
      "change_message": "\u0418\u0437\u043c\u0435\u043d\u0435\u043d primary_name.",
      "user": 1,
      "content_type": 17
    }
  },
  {
    "pk": 9,
    "model": "admin.logentry",
    "fields": {
      "action_flag": 1,
      "action_time": "2012-03-26 15:25:43",
      "object_repr": "\u043f\u0440\u0438\u0432\u0430\u0442\u043d\u0430\u044f \u0432\u0441\u0442\u0440\u0435\u0447\u0430",
      "object_id": "3",
      "change_message": "",
      "user": 1,
      "content_type": 17
    }
  },
  {
    "pk": 8,
    "model": "admin.logentry",
    "fields": {
      "action_flag": 1,
      "action_time": "2012-03-26 15:25:04",
      "object_repr": "\u0412\u0441\u0442\u0440\u0435\u0447\u0430 \u0432 \u0447\u0430\u0442\u0435",
      "object_id": "2",
      "change_message": "",
      "user": 1,
      "content_type": 17
    }
  },
  {
    "pk": 7,
    "model": "admin.logentry",
    "fields": {
      "action_flag": 1,
      "action_time": "2012-03-26 15:24:57",
      "object_repr": "\u041f\u0440\u0438\u0435\u043c",
      "object_id": "1",
      "change_message": "",
      "user": 1,
      "content_type": 17
    }
  },
  {
    "pk": 6,
    "model": "admin.logentry",
    "fields": {
      "action_flag": 1,
      "action_time": "2012-03-26 15:23:53",
      "object_repr": "\u041c\u0430\u0442\u0435\u043c\u0430\u0442\u0438\u0447\u0435\u0441\u043a\u043e\u0435 \u043e\u0431\u0435\u0441\u043f\u0435\u0447\u0435\u043d\u0438\u0435 \u0438 \u0430\u0434\u043c\u0438\u043d\u0438\u0441\u0442\u0440\u0438\u0440\u043e\u0432\u0430\u043d\u0438\u0435 \u0438\u043d\u0444\u043e\u0440\u043c\u0430\u0446\u0438\u043e\u043d\u043d\u044b\u0445 \u0441\u0438\u0441\u0442\u0435\u043c",
      "object_id": "3",
      "change_message": "",
      "user": 1,
      "content_type": 12
    }
  },
  {
    "pk": 5,
    "model": "admin.logentry",
    "fields": {
      "action_flag": 1,
      "action_time": "2012-03-26 15:23:46",
      "object_repr": "\u0414\u0438\u0437\u0430\u0439\u043d",
      "object_id": "2",
      "change_message": "",
      "user": 1,
      "content_type": 12
    }
  },
  {
    "pk": 4,
    "model": "admin.logentry",
    "fields": {
      "action_flag": 1,
      "action_time": "2012-03-26 15:23:39",
      "object_repr": "\u0412\u044b\u0447\u0438\u0441\u043b\u0438\u0442\u0435\u043b\u044c\u043d\u044b\u0435 \u043c\u0430\u0448\u0438\u043d\u044b, \u043a\u043e\u043c\u043f\u043b\u0435\u043a\u0441\u044b, \u0441\u0438\u0441\u0442\u0435\u043c\u044b \u0438 \u0441\u0435\u0442\u0438",
      "object_id": "1",
      "change_message": "",
      "user": 1,
      "content_type": 12
    }
  },
  {
    "pk": 3,
    "model": "admin.logentry",
    "fields": {
      "action_flag": 1,
      "action_time": "2012-03-26 15:23:18",
      "object_repr": "\u041c\u0430\u0433\u0438\u0441\u0442\u0435\u0440\u0441\u043a\u0430\u044f \u0434\u0438\u0441\u0441\u0435\u0440\u0442\u0430\u0446\u0438\u044f",
      "object_id": "3",
      "change_message": "",
      "user": 1,
      "content_type": 13
    }
  },
  {
    "pk": 2,
    "model": "admin.logentry",
    "fields": {
      "action_flag": 1,
      "action_time": "2012-03-26 15:23:00",
      "object_repr": "\u0414\u0438\u043f\u043b\u043e\u043c\u043d\u044b\u0439 \u043f\u0440\u043e\u0435\u043a\u0442 \u0441\u043f\u0435\u0446\u0438\u0430\u043b\u0438\u0441\u0442\u0430",
      "object_id": "2",
      "change_message": "",
      "user": 1,
      "content_type": 13
    }
  },
  {
    "pk": 1,
    "model": "admin.logentry",
    "fields": {
      "action_flag": 1,
      "action_time": "2012-03-26 15:22:43",
      "object_repr": "\u0412\u044b\u043f\u0443\u0441\u043a\u043d\u0430\u044f \u0440\u0430\u0431\u043e\u0442\u0430 \u0431\u0430\u043a\u0430\u043b\u0430\u0432\u0440\u0430",
      "object_id": "1",
      "change_message": "",
      "user": 1,
      "content_type": 13
    }
  },
  {
    "pk": 1,
    "model": "project2.teacher",
    "fields": {
      "position": "\u0441\u0442\u0430\u0440\u0448\u0438\u0439 \u043f\u0440\u0435\u043f\u043e\u0434\u0430\u0432\u0430\u0442\u0435\u043b\u044c",
      "middle_name": "\u0411\u043e\u0440\u0438\u0441\u043e\u0432\u0438\u0447",
      "user": 3,
      "sex": true
    }
  },
  {
    "pk": 2,
    "model": "project2.teacher",
    "fields": {
      "position": "\u0434\u043e\u0446\u0435\u043d\u0442",
      "middle_name": "\u0412\u043b\u0430\u0434\u0438\u043c\u0438\u0440\u043e\u0432\u0438\u0447",
      "user": 5,
      "sex": true
    }
  },
  {
    "pk": 1,
    "model": "project2.theme",
    "fields": {
      "name": "\u0420\u0430\u0437\u0440\u0430\u0431\u043e\u0442\u043a\u0430 \u043f\u043e\u0440\u0442\u0430\u043b\u0430 \u0443\u043f\u0440\u0430\u0432\u043b\u0435\u043d\u0438\u044f \u0434\u0438\u043f\u043b\u043e\u043c\u043d\u044b\u043c\u0438 \u043f\u0440\u043e\u0435\u043a\u0442\u0430\u043c\u0438",
      "initial_data": "\u041d\u0435\u043e\u0431\u0445\u043e\u0434\u0438\u043c\u043e\u0441\u0442\u044c \u0432\u043d\u0435\u0434\u0440\u0438\u0442\u044c \u043f\u043e\u0440\u0442\u0430\u043b \u0443\u043f\u0440\u0430\u0432\u043b\u0435\u043d\u0438\u044f \u0434\u0438\u043f\u043b\u043e\u043c\u043d\u044b\u043c\u0438 \u043f\u0440\u043e\u0435\u043a\u0442\u0430\u043c\u0438",
      "comments": "",
      "consultants": "",
      "teacher": 1,
      "contents": "1. \u0420\u0430\u0437\u0440\u0430\u0431\u043e\u0442\u043a\u0430\r\n2. \u0412\u043d\u0435\u0434\u0440\u0435\u043d\u0438\u0435\r\n3. \u0422\u0435\u0441\u0442\u0438\u0440\u043e\u0432\u0430\u043d\u0438\u0435"
    }
  },
  {
    "pk": 2,
    "model": "project2.theme",
    "fields": {
      "name": "\u0442\u0435\u043c\u0430 1",
      "initial_data": "\u0438\u0441\u0445. \u0434\u0430\u043d\u043d\u044b\u0435 1",
      "comments": "",
      "consultants": "",
      "teacher": 1,
      "contents": "1.\r\n2.\r\n3."
    }
  },
  {
    "pk": 3,
    "model": "project2.theme",
    "fields": {
      "name": "\u0442\u0435\u043c\u0430 2",
      "initial_data": "123",
      "comments": "",
      "consultants": "",
      "teacher": 1,
      "contents": "123\r\n321"
    }
  },
  {
    "pk": 4,
    "model": "project2.theme",
    "fields": {
      "name": "\u0442\u0435\u043c\u0430 3",
      "initial_data": "1",
      "comments": "1",
      "consultants": "",
      "teacher": 2,
      "contents": "1"
    }
  },
  {
    "pk": 5,
    "model": "project2.theme",
    "fields": {
      "name": "\u0442\u0435\u043c\u0430 4",
      "initial_data": "1",
      "comments": "1",
      "consultants": "",
      "teacher": 2,
      "contents": "1"
    }
  },
  {
    "pk": 6,
    "model": "project2.theme",
    "fields": {
      "name": "\u0442\u0435\u043c\u0430 5",
      "initial_data": "1",
      "comments": "1",
      "consultants": "",
      "teacher": 2,
      "contents": "1"
    }
  },
  {
    "pk": 1,
    "model": "project2.specialization",
    "fields": {
      "name": "\u0412\u044b\u0447\u0438\u0441\u043b\u0438\u0442\u0435\u043b\u044c\u043d\u044b\u0435 \u043c\u0430\u0448\u0438\u043d\u044b, \u043a\u043e\u043c\u043f\u043b\u0435\u043a\u0441\u044b, \u0441\u0438\u0441\u0442\u0435\u043c\u044b \u0438 \u0441\u0435\u0442\u0438"
    }
  },
  {
    "pk": 2,
    "model": "project2.specialization",
    "fields": {
      "name": "\u0414\u0438\u0437\u0430\u0439\u043d"
    }
  },
  {
    "pk": 3,
    "model": "project2.specialization",
    "fields": {
      "name": "\u041c\u0430\u0442\u0435\u043c\u0430\u0442\u0438\u0447\u0435\u0441\u043a\u043e\u0435 \u043e\u0431\u0435\u0441\u043f\u0435\u0447\u0435\u043d\u0438\u0435 \u0438 \u0430\u0434\u043c\u0438\u043d\u0438\u0441\u0442\u0440\u0438\u0440\u043e\u0432\u0430\u043d\u0438\u0435 \u0438\u043d\u0444\u043e\u0440\u043c\u0430\u0446\u0438\u043e\u043d\u043d\u044b\u0445 \u0441\u0438\u0441\u0442\u0435\u043c"
    }
  },
  {
    "pk": 1,
    "model": "project2.typeofwork",
    "fields": {
      "name": "\u0412\u044b\u043f\u0443\u0441\u043a\u043d\u0430\u044f \u0440\u0430\u0431\u043e\u0442\u0430 \u0431\u0430\u043a\u0430\u043b\u0430\u0432\u0440\u0430"
    }
  },
  {
    "pk": 2,
    "model": "project2.typeofwork",
    "fields": {
      "name": "\u0414\u0438\u043f\u043b\u043e\u043c\u043d\u044b\u0439 \u043f\u0440\u043e\u0435\u043a\u0442 \u0441\u043f\u0435\u0446\u0438\u0430\u043b\u0438\u0441\u0442\u0430"
    }
  },
  {
    "pk": 3,
    "model": "project2.typeofwork",
    "fields": {
      "name": "\u041c\u0430\u0433\u0438\u0441\u0442\u0435\u0440\u0441\u043a\u0430\u044f \u0434\u0438\u0441\u0441\u0435\u0440\u0442\u0430\u0446\u0438\u044f"
    }
  },
  {
    "pk": 1,
    "model": "project2.student",
    "fields": {
      "middle_name": "\u0412\u0438\u043a\u0442\u043e\u0440\u043e\u0432\u0438\u0447",
      "specialization": 1,
      "semestr": 6,
      "type_of_work": 2,
      "sex": true,
      "diplomnik": true,
      "phone": "",
      "theme": 1,
      "birthday": "1977-04-27",
      "user": 2,
      "year": 2013,
      "month": "\u0438\u044e\u043d\u044c"
    }
  },
  {
    "pk": 2,
    "model": "project2.student",
    "fields": {
      "middle_name": "\u041f\u0435\u0442\u0440\u043e\u0432\u0438\u0447",
      "specialization": 1,
      "semestr": 5,
      "type_of_work": null,
      "sex": false,
      "diplomnik": false,
      "phone": "",
      "theme": null,
      "birthday": "1980-09-14",
      "user": 4,
      "year": null,
      "month": ""
    }
  },
  {
    "pk": 1,
    "model": "project2.interest",
    "fields": {
      "teacher": 1,
      "name": "\u0418\u0441\u0441\u043b\u0435\u0434\u043e\u0432\u0430\u043d\u0438\u0435 \u0438 \u0440\u0430\u0437\u0440\u0430\u0431\u043e\u0442\u043a\u0430 \u043c\u0435\u0445\u0430\u043d\u0438\u0437\u043c\u043e\u0432 \u043e\u0431\u0435\u0441\u043f\u0435\u0447\u0435\u043d\u0438\u044f \u043a\u0430\u0447\u0435\u0441\u0442\u0432\u0430 \u043e\u0431\u0441\u043b\u0443\u0436\u0438\u0432\u0430\u043d\u0438\u044f \u0432 IP \u0441\u0435\u0442\u044f\u0445"
    }
  },
  {
    "pk": 2,
    "model": "project2.interest",
    "fields": {
      "teacher": 1,
      "name": "\u0418\u0441\u0441\u043b\u0435\u0434\u043e\u0432\u0430\u043d\u0438\u0435 \u0438 \u043e\u043f\u0442\u0438\u043c\u0438\u0437\u0430\u0446\u0438\u044f \u0430\u043b\u0433\u043e\u0440\u0438\u0442\u043c\u043e\u0432 \u043c\u0430\u0440\u0448\u0440\u0443\u0442\u0438\u0437\u0430\u0446\u0438\u0438"
    }
  },
  {
    "pk": 3,
    "model": "project2.interest",
    "fields": {
      "teacher": 1,
      "name": "\u0420\u0430\u0437\u0440\u0430\u0431\u043e\u0442\u043a\u0430 \u0438 \u0438\u0441\u0441\u043b\u0435\u0434\u043e\u0432\u0430\u043d\u0438\u0435 \u043c\u0435\u0442\u043e\u0434\u0438\u043a \u0430\u0432\u0442\u043e\u043c\u0430\u0442\u0438\u0437\u0430\u0446\u0438\u0438 \u0441\u0435\u0442\u0435\u0432\u043e\u0433\u043e \u0430\u0434\u043c\u0438\u043d\u0438\u0441\u0442\u0440\u0438\u0440\u043e\u0432\u0430\u043d\u0438\u044f"
    }
  },
  {
    "pk": 4,
    "model": "project2.interest",
    "fields": {
      "teacher": 1,
      "name": "\u0421\u0438\u0441\u0442\u0435\u043c\u043d\u043e\u0435 \u043f\u0440\u043e\u0433\u0440\u0430\u043c\u043c\u0438\u0440\u043e\u0432\u0430\u043d\u0438\u0435 \u0432 \u0441\u0440\u0435\u0434\u0435 UNIX"
    }
  },
  {
    "pk": 5,
    "model": "project2.interest",
    "fields": {
      "teacher": 2,
      "name": "\u041e\u043f\u0435\u0440\u0430\u0446\u0438\u043e\u043d\u043d\u044b\u0435 \u0441\u0438\u0441\u0442\u0435\u043c\u044b"
    }
  },
  {
    "pk": 6,
    "model": "project2.interest",
    "fields": {
      "teacher": 2,
      "name": "\u0421\u0435\u0442\u0435\u0432\u044b\u0435 \u0438 WEB-\u0442\u0435\u0445\u043d\u043e\u043b\u043e\u0433\u0438\u0438"
    }
  },
  {
    "pk": 7,
    "model": "project2.interest",
    "fields": {
      "teacher": 2,
      "name": "\u0412\u0438\u0437\u0443\u0430\u043b\u0438\u0437\u0430\u0446\u0438\u044f \u0438\u043d\u0444\u043e\u0440\u043c\u0430\u0446\u0438\u0438 \u0438 \u0447\u0435\u043b\u043e\u0432\u0435\u043a\u043e-\u043c\u0430\u0448\u0438\u043d\u043d\u044b\u0435 \u0438\u043d\u0442\u0435\u0440\u0444\u0435\u0439\u0441\u044b"
    }
  },
  {
    "pk": 1,
    "model": "project2.special_message",
    "fields": {
      "themes": [
        1
      ],
      "interests": [
        4
      ],
      "message": 1
    }
  },
  {
    "pk": 2,
    "model": "project2.special_message",
    "fields": {
      "themes": [
        1
      ],
      "interests": [],
      "message": 2
    }
  },
  {
    "pk": 1,
    "model": "project2.serie",
    "fields": {
      "primary_name": "\u041f\u0440\u0438\u0435\u043c"
    }
  },
  {
    "pk": 2,
    "model": "project2.serie",
    "fields": {
      "primary_name": "\u0412\u0441\u0442\u0440\u0435\u0447\u0430 \u0432 \u0447\u0430\u0442\u0435"
    }
  },
  {
    "pk": 3,
    "model": "project2.serie",
    "fields": {
      "primary_name": "\u041f\u0440\u0438\u0432\u0430\u0442\u043d\u0430\u044f \u0432\u0441\u0442\u0440\u0435\u0447\u0430"
    }
  },
  {
    "pk": 1,
    "model": "project2.event",
    "fields": {
      "series": 1,
      "endtime": "22:00:00",
      "specialization": null,
      "teacher": 1,
      "date_and_time": "2012-03-28 18:00:00"
    }
  },
  {
    "pk": 2,
    "model": "project2.event",
    "fields": {
      "series": 2,
      "endtime": "15:00:00",
      "specialization": null,
      "teacher": 1,
      "date_and_time": "2012-03-30 14:00:00"
    }
  },
  {
    "pk": 3,
    "model": "project2.event",
    "fields": {
      "series": 1,
      "endtime": "22:00:00",
      "specialization": null,
      "teacher": 1,
      "date_and_time": "2012-04-28 18:00:00"
    }
  },
  {
    "pk": 4,
    "model": "project2.event",
    "fields": {
      "series": 1,
      "endtime": "22:00:00",
      "specialization": null,
      "teacher": 1,
      "date_and_time": "2012-04-29 18:00:00"
    }
  },
  {
    "pk": 5,
    "model": "project2.event",
    "fields": {
      "series": 2,
      "endtime": "15:00:00",
      "specialization": null,
      "teacher": 1,
      "date_and_time": "2012-04-30 14:00:00"
    }
  },
  {
    "pk": 2,
    "model": "project2.eventstudent",
    "fields": {
      "date": "2012-03-28",
      "event": 1,
      "student": 1,
      "time": "18:00:00"
    }
  },
  {
    "pk": 4,
    "model": "project2.eventstudent",
    "fields": {
      "date": "2012-03-28",
      "event": 1,
      "student": 2,
      "time": "18:30:00"
    }
  },
  {
    "pk": 1,
    "model": "project2.eventstudent",
    "fields": {
      "date": "2012-03-30",
      "event": 2,
      "student": 1,
      "time": "14:00:00"
    }
  },
  {
    "pk": 3,
    "model": "project2.eventstudent",
    "fields": {
      "date": "2012-04-30",
      "event": 5,
      "student": 1,
      "time": "14:00:00"
    }
  },
  {
    "pk": 1,
    "model": "registration.registrationprofile",
    "fields": {
      "activation_key": "ALREADY_ACTIVATED",
      "user": 2
    }
  },
  {
    "pk": 2,
    "model": "registration.registrationprofile",
    "fields": {
      "activation_key": "ALREADY_ACTIVATED",
      "user": 3
    }
  },
  {
    "pk": 3,
    "model": "registration.registrationprofile",
    "fields": {
      "activation_key": "ALREADY_ACTIVATED",
      "user": 4
    }
  },
  {
    "pk": 4,
    "model": "registration.registrationprofile",
    "fields": {
      "activation_key": "ALREADY_ACTIVATED",
      "user": 5
    }
  },
  {
    "pk": 2,
    "model": "messages.message",
    "fields": {
      "body": "\u041f\u0438\u043b\u0438\u0442\u0435, \u0428\u0443\u0440\u0430!",
      "recipient_deleted_at": null,
      "sender_deleted_at": null,
      "read_at": "2012-03-26 16:04:21",
      "parent_msg": null,
      "sent_at": "2012-03-26 16:02:00",
      "replied_at": null,
      "subject": "\u0422\u0435\u043c\u0430",
      "recipient": 2,
      "sender": 3
    }
  },
  {
    "pk": 1,
    "model": "messages.message",
    "fields": {
      "body": " ",
      "recipient_deleted_at": null,
      "sender_deleted_at": null,
      "read_at": "2012-03-26 16:00:51",
      "parent_msg": null,
      "sent_at": "2012-03-26 16:00:21",
      "replied_at": null,
      "subject": "\u0417\u0430\u043f\u0440\u043e\u0441",
      "recipient": 3,
      "sender": 2
    }
  },
  {
    "pk": 1,
    "model": "chatrooms.room",
    "fields": {
      "password": "",
      "description": "test room 1",
      "private": null,
      "allow_anonymous_access": null,
      "subscribers": [],
      "polymorphic_ctype": 22,
      "slug": "room-1",
      "name": "room 1"
    }
  },
  {
    "pk": 2,
    "model": "chatrooms.room",
    "fields": {
      "password": "",
      "description": "test room 2",
      "private": null,
      "allow_anonymous_access": null,
      "subscribers": [],
      "polymorphic_ctype": 22,
      "slug": "room-2",
      "name": "room 2"
    }
  },
  {
    "pk": 1,
    "model": "chatrooms.message",
    "fields": {
      "username": "student",
      "room": 2,
      "content": "123",
      "user": 2,
      "date": "2012-03-26 16:10:46",
      "polymorphic_ctype": 23
    }
  },
  {
    "pk": 2,
    "model": "chatrooms.message",
    "fields": {
      "username": "student",
      "room": 2,
      "content": "1%202%203%204%205",
      "user": 2,
      "date": "2012-03-26 16:11:08",
      "polymorphic_ctype": 23
    }
  },
  {
    "pk": 25,
    "model": "auth.permission",
    "fields": {
      "codename": "add_logentry",
      "name": "Can add log entry",
      "content_type": 9
    }
  },
  {
    "pk": 26,
    "model": "auth.permission",
    "fields": {
      "codename": "change_logentry",
      "name": "Can change log entry",
      "content_type": 9
    }
  },
  {
    "pk": 27,
    "model": "auth.permission",
    "fields": {
      "codename": "delete_logentry",
      "name": "Can delete log entry",
      "content_type": 9
    }
  },
  {
    "pk": 4,
    "model": "auth.permission",
    "fields": {
      "codename": "add_group",
      "name": "Can add group",
      "content_type": 2
    }
  },
  {
    "pk": 5,
    "model": "auth.permission",
    "fields": {
      "codename": "change_group",
      "name": "Can change group",
      "content_type": 2
    }
  },
  {
    "pk": 6,
    "model": "auth.permission",
    "fields": {
      "codename": "delete_group",
      "name": "Can delete group",
      "content_type": 2
    }
  },
  {
    "pk": 10,
    "model": "auth.permission",
    "fields": {
      "codename": "add_message",
      "name": "Can add message",
      "content_type": 4
    }
  },
  {
    "pk": 11,
    "model": "auth.permission",
    "fields": {
      "codename": "change_message",
      "name": "Can change message",
      "content_type": 4
    }
  },
  {
    "pk": 12,
    "model": "auth.permission",
    "fields": {
      "codename": "delete_message",
      "name": "Can delete message",
      "content_type": 4
    }
  },
  {
    "pk": 1,
    "model": "auth.permission",
    "fields": {
      "codename": "add_permission",
      "name": "Can add permission",
      "content_type": 1
    }
  },
  {
    "pk": 2,
    "model": "auth.permission",
    "fields": {
      "codename": "change_permission",
      "name": "Can change permission",
      "content_type": 1
    }
  },
  {
    "pk": 3,
    "model": "auth.permission",
    "fields": {
      "codename": "delete_permission",
      "name": "Can delete permission",
      "content_type": 1
    }
  },
  {
    "pk": 7,
    "model": "auth.permission",
    "fields": {
      "codename": "add_user",
      "name": "Can add user",
      "content_type": 3
    }
  },
  {
    "pk": 8,
    "model": "auth.permission",
    "fields": {
      "codename": "change_user",
      "name": "Can change user",
      "content_type": 3
    }
  },
  {
    "pk": 9,
    "model": "auth.permission",
    "fields": {
      "codename": "delete_user",
      "name": "Can delete user",
      "content_type": 3
    }
  },
  {
    "pk": 67,
    "model": "auth.permission",
    "fields": {
      "codename": "add_message",
      "name": "Can add message",
      "content_type": 23
    }
  },
  {
    "pk": 68,
    "model": "auth.permission",
    "fields": {
      "codename": "change_message",
      "name": "Can change message",
      "content_type": 23
    }
  },
  {
    "pk": 69,
    "model": "auth.permission",
    "fields": {
      "codename": "delete_message",
      "name": "Can delete message",
      "content_type": 23
    }
  },
  {
    "pk": 64,
    "model": "auth.permission",
    "fields": {
      "codename": "add_room",
      "name": "Can add room",
      "content_type": 22
    }
  },
  {
    "pk": 65,
    "model": "auth.permission",
    "fields": {
      "codename": "change_room",
      "name": "Can change room",
      "content_type": 22
    }
  },
  {
    "pk": 66,
    "model": "auth.permission",
    "fields": {
      "codename": "delete_room",
      "name": "Can delete room",
      "content_type": 22
    }
  },
  {
    "pk": 13,
    "model": "auth.permission",
    "fields": {
      "codename": "add_contenttype",
      "name": "Can add content type",
      "content_type": 5
    }
  },
  {
    "pk": 14,
    "model": "auth.permission",
    "fields": {
      "codename": "change_contenttype",
      "name": "Can change content type",
      "content_type": 5
    }
  },
  {
    "pk": 15,
    "model": "auth.permission",
    "fields": {
      "codename": "delete_contenttype",
      "name": "Can delete content type",
      "content_type": 5
    }
  },
  {
    "pk": 22,
    "model": "auth.permission",
    "fields": {
      "codename": "add_message",
      "name": "Can add Message",
      "content_type": 8
    }
  },
  {
    "pk": 23,
    "model": "auth.permission",
    "fields": {
      "codename": "change_message",
      "name": "Can change Message",
      "content_type": 8
    }
  },
  {
    "pk": 24,
    "model": "auth.permission",
    "fields": {
      "codename": "delete_message",
      "name": "Can delete Message",
      "content_type": 8
    }
  },
  {
    "pk": 52,
    "model": "auth.permission",
    "fields": {
      "codename": "add_event",
      "name": "Can add event",
      "content_type": 18
    }
  },
  {
    "pk": 53,
    "model": "auth.permission",
    "fields": {
      "codename": "change_event",
      "name": "Can change event",
      "content_type": 18
    }
  },
  {
    "pk": 54,
    "model": "auth.permission",
    "fields": {
      "codename": "delete_event",
      "name": "Can delete event",
      "content_type": 18
    }
  },
  {
    "pk": 55,
    "model": "auth.permission",
    "fields": {
      "codename": "add_eventstudent",
      "name": "Can add event student",
      "content_type": 19
    }
  },
  {
    "pk": 56,
    "model": "auth.permission",
    "fields": {
      "codename": "change_eventstudent",
      "name": "Can change event student",
      "content_type": 19
    }
  },
  {
    "pk": 57,
    "model": "auth.permission",
    "fields": {
      "codename": "delete_eventstudent",
      "name": "Can delete event student",
      "content_type": 19
    }
  },
  {
    "pk": 43,
    "model": "auth.permission",
    "fields": {
      "codename": "add_interest",
      "name": "Can add interest",
      "content_type": 15
    }
  },
  {
    "pk": 44,
    "model": "auth.permission",
    "fields": {
      "codename": "change_interest",
      "name": "Can change interest",
      "content_type": 15
    }
  },
  {
    "pk": 45,
    "model": "auth.permission",
    "fields": {
      "codename": "delete_interest",
      "name": "Can delete interest",
      "content_type": 15
    }
  },
  {
    "pk": 49,
    "model": "auth.permission",
    "fields": {
      "codename": "add_serie",
      "name": "Can add serie",
      "content_type": 17
    }
  },
  {
    "pk": 50,
    "model": "auth.permission",
    "fields": {
      "codename": "change_serie",
      "name": "Can change serie",
      "content_type": 17
    }
  },
  {
    "pk": 51,
    "model": "auth.permission",
    "fields": {
      "codename": "delete_serie",
      "name": "Can delete serie",
      "content_type": 17
    }
  },
  {
    "pk": 46,
    "model": "auth.permission",
    "fields": {
      "codename": "add_special_message",
      "name": "Can add special_message",
      "content_type": 16
    }
  },
  {
    "pk": 47,
    "model": "auth.permission",
    "fields": {
      "codename": "change_special_message",
      "name": "Can change special_message",
      "content_type": 16
    }
  },
  {
    "pk": 48,
    "model": "auth.permission",
    "fields": {
      "codename": "delete_special_message",
      "name": "Can delete special_message",
      "content_type": 16
    }
  },
  {
    "pk": 34,
    "model": "auth.permission",
    "fields": {
      "codename": "add_specialization",
      "name": "Can add specialization",
      "content_type": 12
    }
  },
  {
    "pk": 35,
    "model": "auth.permission",
    "fields": {
      "codename": "change_specialization",
      "name": "Can change specialization",
      "content_type": 12
    }
  },
  {
    "pk": 36,
    "model": "auth.permission",
    "fields": {
      "codename": "delete_specialization",
      "name": "Can delete specialization",
      "content_type": 12
    }
  },
  {
    "pk": 58,
    "model": "auth.permission",
    "fields": {
      "codename": "add_stage",
      "name": "Can add stage",
      "content_type": 20
    }
  },
  {
    "pk": 59,
    "model": "auth.permission",
    "fields": {
      "codename": "change_stage",
      "name": "Can change stage",
      "content_type": 20
    }
  },
  {
    "pk": 60,
    "model": "auth.permission",
    "fields": {
      "codename": "delete_stage",
      "name": "Can delete stage",
      "content_type": 20
    }
  },
  {
    "pk": 40,
    "model": "auth.permission",
    "fields": {
      "codename": "add_student",
      "name": "Can add student",
      "content_type": 14
    }
  },
  {
    "pk": 41,
    "model": "auth.permission",
    "fields": {
      "codename": "change_student",
      "name": "Can change student",
      "content_type": 14
    }
  },
  {
    "pk": 42,
    "model": "auth.permission",
    "fields": {
      "codename": "delete_student",
      "name": "Can delete student",
      "content_type": 14
    }
  },
  {
    "pk": 28,
    "model": "auth.permission",
    "fields": {
      "codename": "add_teacher",
      "name": "Can add teacher",
      "content_type": 10
    }
  },
  {
    "pk": 29,
    "model": "auth.permission",
    "fields": {
      "codename": "change_teacher",
      "name": "Can change teacher",
      "content_type": 10
    }
  },
  {
    "pk": 30,
    "model": "auth.permission",
    "fields": {
      "codename": "delete_teacher",
      "name": "Can delete teacher",
      "content_type": 10
    }
  },
  {
    "pk": 31,
    "model": "auth.permission",
    "fields": {
      "codename": "add_theme",
      "name": "Can add theme",
      "content_type": 11
    }
  },
  {
    "pk": 32,
    "model": "auth.permission",
    "fields": {
      "codename": "change_theme",
      "name": "Can change theme",
      "content_type": 11
    }
  },
  {
    "pk": 33,
    "model": "auth.permission",
    "fields": {
      "codename": "delete_theme",
      "name": "Can delete theme",
      "content_type": 11
    }
  },
  {
    "pk": 37,
    "model": "auth.permission",
    "fields": {
      "codename": "add_typeofwork",
      "name": "Can add type of work",
      "content_type": 13
    }
  },
  {
    "pk": 38,
    "model": "auth.permission",
    "fields": {
      "codename": "change_typeofwork",
      "name": "Can change type of work",
      "content_type": 13
    }
  },
  {
    "pk": 39,
    "model": "auth.permission",
    "fields": {
      "codename": "delete_typeofwork",
      "name": "Can delete type of work",
      "content_type": 13
    }
  },
  {
    "pk": 61,
    "model": "auth.permission",
    "fields": {
      "codename": "add_registrationprofile",
      "name": "Can add registration profile",
      "content_type": 21
    }
  },
  {
    "pk": 62,
    "model": "auth.permission",
    "fields": {
      "codename": "change_registrationprofile",
      "name": "Can change registration profile",
      "content_type": 21
    }
  },
  {
    "pk": 63,
    "model": "auth.permission",
    "fields": {
      "codename": "delete_registrationprofile",
      "name": "Can delete registration profile",
      "content_type": 21
    }
  },
  {
    "pk": 16,
    "model": "auth.permission",
    "fields": {
      "codename": "add_session",
      "name": "Can add session",
      "content_type": 6
    }
  },
  {
    "pk": 17,
    "model": "auth.permission",
    "fields": {
      "codename": "change_session",
      "name": "Can change session",
      "content_type": 6
    }
  },
  {
    "pk": 18,
    "model": "auth.permission",
    "fields": {
      "codename": "delete_session",
      "name": "Can delete session",
      "content_type": 6
    }
  },
  {
    "pk": 19,
    "model": "auth.permission",
    "fields": {
      "codename": "add_site",
      "name": "Can add site",
      "content_type": 7
    }
  },
  {
    "pk": 20,
    "model": "auth.permission",
    "fields": {
      "codename": "change_site",
      "name": "Can change site",
      "content_type": 7
    }
  },
  {
    "pk": 21,
    "model": "auth.permission",
    "fields": {
      "codename": "delete_site",
      "name": "Can delete site",
      "content_type": 7
    }
  },
  {
    "pk": 1,
    "model": "auth.user",
    "fields": {
      "username": "admin",
      "first_name": "",
      "last_name": "",
      "is_active": true,
      "is_superuser": true,
      "is_staff": true,
      "last_login": "2012-03-28 11:18:47",
      "groups": [],
      "user_permissions": [],
      "password": "sha1$dd0c3$879e67bc02d6364a7922c632f5968cf1de9cba78",
      "email": "admin@localhost.local",
      "date_joined": "2012-03-26 15:05:11"
    }
  },
  {
    "pk": 2,
    "model": "auth.user",
    "fields": {
      "username": "student",
      "first_name": "\u0410\u043b\u0435\u043a\u0441\u0435\u0439",
      "last_name": "\u041c\u043e\u0438\u0441\u0435\u0435\u0432",
      "is_active": true,
      "is_superuser": false,
      "is_staff": false,
      "last_login": "2012-03-28 11:32:55",
      "groups": [],
      "user_permissions": [],
      "password": "sha1$cc0cc$26c74f238b10b0c00060befbc8df274606d873ff",
      "email": "student@localhost.local",
      "date_joined": "2012-03-26 15:38:11"
    }
  },
  {
    "pk": 3,
    "model": "auth.user",
    "fields": {
      "username": "t1",
      "first_name": "\u0418\u0433\u043e\u0440\u044c",
      "last_name": "\u0410\u0440\u0445\u0438\u043c\u0430\u043d\u0434\u0440\u0438\u0442\u043e\u0432",
      "is_active": true,
      "is_superuser": false,
      "is_staff": false,
      "last_login": "2012-03-26 16:14:27",
      "groups": [],
      "user_permissions": [],
      "password": "sha1$83efc$9561e5c8f873557dd7e50fcaf2931005e6f9bd90",
      "email": "t1@localhost.local",
      "date_joined": "2012-03-26 15:42:18"
    }
  },
  {
    "pk": 4,
    "model": "auth.user",
    "fields": {
      "username": "s1",
      "first_name": "\u041f\u0435\u0442\u0440",
      "last_name": "\u041f\u0435\u0442\u0440\u043e\u0432",
      "is_active": true,
      "is_superuser": false,
      "is_staff": false,
      "last_login": "2012-03-28 11:32:41",
      "groups": [],
      "user_permissions": [],
      "password": "sha1$ca869$78ee4818fc8dd9f3574542eb77f886f7f16d4dfe",
      "email": "s1@localhost.local",
      "date_joined": "2012-03-28 11:15:13"
    }
  },
  {
    "pk": 5,
    "model": "auth.user",
    "fields": {
      "username": "t2",
      "first_name": "\u0414\u043c\u0438\u0442\u0440\u0438\u0439",
      "last_name": "\u041a\u0435\u0442\u043e\u0432",
      "is_active": true,
      "is_superuser": false,
      "is_staff": false,
      "last_login": "2012-03-28 11:25:13",
      "groups": [],
      "user_permissions": [],
      "password": "sha1$10a93$f973ffb3deb5020b9a283a9819c957a4ec7c22a2",
      "email": "t2@localhost.local",
      "date_joined": "2012-03-28 11:16:39"
    }
  }
]