[
  {
    "pk": 5,
    "model": "contenttypes.contenttype",
    "fields": {
      "model": "contenttype",
      "name": "content type",
      "app_label": "contenttypes"
    }
  },
  {
    "pk": 19,
    "model": "contenttypes.contenttype",
    "fields": {
      "model": "event",
      "name": "event",
      "app_label": "project2"
    }
  },
  {
    "pk": 20,
    "model": "contenttypes.contenttype",
    "fields": {
      "model": "eventstudent",
      "name": "event student",
      "app_label": "project2"
    }
  },
  {
    "pk": 10,
    "model": "contenttypes.contenttype",
    "fields": {
      "model": "githubaccount",
      "name": "git hub account",
      "app_label": "project2"
    }
  },
  {
    "pk": 2,
    "model": "contenttypes.contenttype",
    "fields": {
      "model": "group",
      "name": "group",
      "app_label": "auth"
    }
  },
  {
    "pk": 16,
    "model": "contenttypes.contenttype",
    "fields": {
      "model": "interest",
      "name": "interest",
      "app_label": "project2"
    }
  },
  {
    "pk": 9,
    "model": "contenttypes.contenttype",
    "fields": {
      "model": "logentry",
      "name": "log entry",
      "app_label": "admin"
    }
  },
  {
    "pk": 25,
    "model": "contenttypes.contenttype",
    "fields": {
      "model": "meeting",
      "name": "meeting",
      "app_label": "bbb"
    }
  },
  {
    "pk": 4,
    "model": "contenttypes.contenttype",
    "fields": {
      "model": "message",
      "name": "message",
      "app_label": "auth"
    }
  },
  {
    "pk": 8,
    "model": "contenttypes.contenttype",
    "fields": {
      "model": "message",
      "name": "Message",
      "app_label": "messages"
    }
  },
  {
    "pk": 24,
    "model": "contenttypes.contenttype",
    "fields": {
      "model": "message",
      "name": "message",
      "app_label": "chatrooms"
    }
  },
  {
    "pk": 1,
    "model": "contenttypes.contenttype",
    "fields": {
      "model": "permission",
      "name": "permission",
      "app_label": "auth"
    }
  },
  {
    "pk": 22,
    "model": "contenttypes.contenttype",
    "fields": {
      "model": "registrationprofile",
      "name": "registration profile",
      "app_label": "registration"
    }
  },
  {
    "pk": 23,
    "model": "contenttypes.contenttype",
    "fields": {
      "model": "room",
      "name": "room",
      "app_label": "chatrooms"
    }
  },
  {
    "pk": 18,
    "model": "contenttypes.contenttype",
    "fields": {
      "model": "serie",
      "name": "serie",
      "app_label": "project2"
    }
  },
  {
    "pk": 6,
    "model": "contenttypes.contenttype",
    "fields": {
      "model": "session",
      "name": "session",
      "app_label": "sessions"
    }
  },
  {
    "pk": 7,
    "model": "contenttypes.contenttype",
    "fields": {
      "model": "site",
      "name": "site",
      "app_label": "sites"
    }
  },
  {
    "pk": 17,
    "model": "contenttypes.contenttype",
    "fields": {
      "model": "special_message",
      "name": "special_message",
      "app_label": "project2"
    }
  },
  {
    "pk": 13,
    "model": "contenttypes.contenttype",
    "fields": {
      "model": "specialization",
      "name": "specialization",
      "app_label": "project2"
    }
  },
  {
    "pk": 21,
    "model": "contenttypes.contenttype",
    "fields": {
      "model": "stage",
      "name": "stage",
      "app_label": "project2"
    }
  },
  {
    "pk": 15,
    "model": "contenttypes.contenttype",
    "fields": {
      "model": "student",
      "name": "student",
      "app_label": "project2"
    }
  },
  {
    "pk": 11,
    "model": "contenttypes.contenttype",
    "fields": {
      "model": "teacher",
      "name": "teacher",
      "app_label": "project2"
    }
  },
  {
    "pk": 12,
    "model": "contenttypes.contenttype",
    "fields": {
      "model": "theme",
      "name": "theme",
      "app_label": "project2"
    }
  },
  {
    "pk": 14,
    "model": "contenttypes.contenttype",
    "fields": {
      "model": "typeofwork",
      "name": "type of work",
      "app_label": "project2"
    }
  },
  {
    "pk": 3,
    "model": "contenttypes.contenttype",
    "fields": {
      "model": "user",
      "name": "user",
      "app_label": "auth"
    }
  },
  {
    "pk": "616635942150ad6ed854a529986405b0",
    "model": "sessions.session",
    "fields": {
      "expire_date": "2012-05-02 12:43:49",
      "session_data": "OTA5OWVjNGM0NzQ1MjZhMTQ4NzNjOTQxODk4NDY3OTdhMGVkY2NkZDqAAn1xAS4=\n"
    }
  },
  {
    "pk": "294599cd6f75a7d5c924e89e3d8ca34d",
    "model": "sessions.session",
    "fields": {
      "expire_date": "2012-05-02 17:24:34",
      "session_data": "OTA5OWVjNGM0NzQ1MjZhMTQ4NzNjOTQxODk4NDY3OTdhMGVkY2NkZDqAAn1xAS4=\n"
    }
  },
  {
    "pk": "4b0d05d6a7fc476a8ad8f3a99caf7b82",
    "model": "sessions.session",
    "fields": {
      "expire_date": "2012-05-07 17:49:20",
      "session_data": "ZjZjZmZjMDBkYzg5ZGU1Yzk3MzViYWMyYTVhMWVkNGJmN2Q3OGM0MzqAAn1xAS4=\n"
    }
  },
  {
    "pk": "08dd123eb27d7456b17f243311bb9d7e",
    "model": "sessions.session",
    "fields": {
      "expire_date": "2012-05-03 16:17:41",
      "session_data": "ZjZjZmZjMDBkYzg5ZGU1Yzk3MzViYWMyYTVhMWVkNGJmN2Q3OGM0MzqAAn1xAS4=\n"
    }
  },
  {
    "pk": "f1a8c626a3c72d83a50404d4fa07ec44",
    "model": "sessions.session",
    "fields": {
      "expire_date": "2012-05-07 13:27:14",
      "session_data": "MmY5NzVmMzI4MzljZDViMmMzYzZlNDZiOWYwMjEwM2RmZjM1YmE2MzqAAn1xAVUKdGVzdGNvb2tp\nZXECVQZ3b3JrZWRxA3Mu\n"
    }
  },
  {
    "pk": "f2437ca727fca876207ec63fdfa0a026",
    "model": "sessions.session",
    "fields": {
      "expire_date": "2012-05-04 19:50:10",
      "session_data": "NmZiYjc5Yjc0NzBlMmZiNTBlZDM3ZDQ5YzU5ZGRiZDA1ZjA1ZGViMDqAAn1xAShVEl9hdXRoX3Vz\nZXJfYmFja2VuZFUpZGphbmdvLmNvbnRyaWIuYXV0aC5iYWNrZW5kcy5Nb2RlbEJhY2tlbmRVDV9h\ndXRoX3VzZXJfaWSKAQN1Lg==\n"
    }
  },
  {
    "pk": "d110ccac330e1a7d99c140740f8d3e1d",
    "model": "sessions.session",
    "fields": {
      "expire_date": "2012-05-04 17:47:39",
      "session_data": "M2ZmZTllMmFmZWI0NDU4YjVlMzUyYmY0Njc1MjQ2NGRkN2ZlODBhMDqAAn1xAShVEl9hdXRoX3Vz\nZXJfYmFja2VuZHECVSlkamFuZ28uY29udHJpYi5hdXRoLmJhY2tlbmRzLk1vZGVsQmFja2VuZHED\nVQ1fYXV0aF91c2VyX2lkcQSKAQJ1Lg==\n"
    }
  },
  {
    "pk": "8903e41bbf0da13842ca99da82b5a11b",
    "model": "sessions.session",
    "fields": {
      "expire_date": "2012-05-11 16:12:02",
      "session_data": "N2UwNDFiNmY1MGYxMDBmMWRmNzBhYzkyODEyNTVmOTNlMTFhYzE4NDqAAn1xAShVDV9hdXRoX3Vz\nZXJfaWSKAQRVEl9hdXRoX3VzZXJfYmFja2VuZFUpZGphbmdvLmNvbnRyaWIuYXV0aC5iYWNrZW5k\ncy5Nb2RlbEJhY2tlbmR1Lg==\n"
    }
  },
  {
    "pk": "c10b676b0fb670be40d125fa64c9a733",
    "model": "sessions.session",
    "fields": {
      "expire_date": "2012-05-08 12:08:41",
      "session_data": "OWNlMmJlNTMxZmNmNjQ4MTU0YzgxMTVhMWViMGYzM2RiY2IyYjk5OTqAAn1xAShVEl9hdXRoX3Vz\nZXJfYmFja2VuZHECVSlkamFuZ28uY29udHJpYi5hdXRoLmJhY2tlbmRzLk1vZGVsQmFja2VuZHED\nVQ1fYXV0aF91c2VyX2lkcQSKAQR1Lg==\n"
    }
  },
  {
    "pk": "aefb416f3630c620fbac27c49a86e641",
    "model": "sessions.session",
    "fields": {
      "expire_date": "2012-05-10 17:03:24",
      "session_data": "YTJmZWJmNTRkYTk3YjVmYTkzZGExYzkwM2Q2OGU5MTQ1YjM5YWNiZTqAAn1xAShVEl9hdXRoX3Vz\nZXJfYmFja2VuZHECVSlkamFuZ28uY29udHJpYi5hdXRoLmJhY2tlbmRzLk1vZGVsQmFja2VuZHED\nVQ1fYXV0aF91c2VyX2lkcQSKAQN1Lg==\n"
    }
  },
  {
    "pk": "2a1f2516a5c45d79ff51b77484bf4582",
    "model": "sessions.session",
    "fields": {
      "expire_date": "2012-05-10 15:02:28",
      "session_data": "ZTgwNDZkNmJmM2UwNDY4MmQ5YmZkNTYyMTk0NDM0ZGU5N2ExZGU4ZTqAAn1xAShVEl9hdXRoX3Vz\nZXJfYmFja2VuZHECVSlkamFuZ28uY29udHJpYi5hdXRoLmJhY2tlbmRzLk1vZGVsQmFja2VuZHED\nVQ1fYXV0aF91c2VyX2lkcQSKAQJ1Lg==\n"
    }
  },
  {
    "pk": "8814853b90cc293982037f5368561799",
    "model": "sessions.session",
    "fields": {
      "expire_date": "2012-05-11 15:10:13",
      "session_data": "ZDRhN2U2NjU2NzgyNzk4MmZiMmMyOTA0ZTYxMmQ1MGMyMDU0NTdiMTqAAn1xAVUKdGVzdGNvb2tp\nZXECVQZ3b3JrZWRxA3Mu\n"
    }
  },
  {
    "pk": "6f0985a3da50d1ac2d5ee31f967a6ebb",
    "model": "sessions.session",
    "fields": {
      "expire_date": "2012-05-11 16:11:40",
      "session_data": "YzMwZGJjNjY0ZWI0MjM5OTQwZTI0NmZhOGVjYjRkODVjNDE2Mzg1MzqAAn1xAShVEl9hdXRoX3Vz\nZXJfYmFja2VuZFUpZGphbmdvLmNvbnRyaWIuYXV0aC5iYWNrZW5kcy5Nb2RlbEJhY2tlbmRVDV9h\ndXRoX3VzZXJfaWSKAQR1Lg==\n"
    }
  },
  {
    "pk": 1,
    "model": "sites.site",
    "fields": {
      "domain": "example.com",
      "name": "example.com"
    }
  },
  {
    "pk": 2,
    "model": "sites.site",
    "fields": {
      "domain": "http://213.108.214.68",
      "name": "http://213.108.214.68"
    }
  },
  {
    "pk": 3,
    "model": "messages.message",
    "fields": {
      "body": " ",
      "recipient_deleted_at": null,
      "sender_deleted_at": null,
      "read_at": "2012-04-27 15:58:49",
      "parent_msg": null,
      "sent_at": "2012-04-20 19:50:10",
      "replied_at": null,
      "subject": "\u0417\u0430\u043f\u0440\u043e\u0441",
      "recipient": 4,
      "sender": 3
    }
  },
  {
    "pk": 2,
    "model": "messages.message",
    "fields": {
      "body": " ",
      "recipient_deleted_at": null,
      "sender_deleted_at": null,
      "read_at": "2012-04-18 12:35:25",
      "parent_msg": null,
      "sent_at": "2012-04-18 12:35:13",
      "replied_at": null,
      "subject": "\u0422\u0435\u043c\u0430",
      "recipient": 2,
      "sender": 4
    }
  },
  {
    "pk": 1,
    "model": "messages.message",
    "fields": {
      "body": " ",
      "recipient_deleted_at": null,
      "sender_deleted_at": null,
      "read_at": "2012-04-18 12:35:06",
      "parent_msg": null,
      "sent_at": "2012-04-18 12:34:53",
      "replied_at": null,
      "subject": "\u0417\u0430\u043f\u0440\u043e\u0441",
      "recipient": 4,
      "sender": 2
    }
  },
  {
    "pk": 41,
    "model": "admin.logentry",
    "fields": {
      "action_flag": 3,
      "action_time": "2012-04-26 17:00:16",
      "object_repr": "\u041f\u0440\u0438\u0435\u043c. 2012-04-20 18:00:00",
      "object_id": "1",
      "change_message": "",
      "user": 1,
      "content_type": 19
    }
  },
  {
    "pk": 40,
    "model": "admin.logentry",
    "fields": {
      "action_flag": 2,
      "action_time": "2012-04-26 16:31:58",
      "object_repr": "\u0412\u0438\u0434\u0435\u043e\u043a\u043e\u043d\u0444\u0435\u0440\u0435\u043d\u0446\u0438\u044f",
      "object_id": "3",
      "change_message": "\u0418\u0437\u043c\u0435\u043d\u0435\u043d primary_name.",
      "user": 1,
      "content_type": 18
    }
  },
  {
    "pk": 29,
    "model": "admin.logentry",
    "fields": {
      "action_flag": 3,
      "action_time": "2012-04-26 16:31:10",
      "object_repr": "Meeting object",
      "object_id": "11",
      "change_message": "",
      "user": 1,
      "content_type": 25
    }
  },
  {
    "pk": 30,
    "model": "admin.logentry",
    "fields": {
      "action_flag": 3,
      "action_time": "2012-04-26 16:31:10",
      "object_repr": "Meeting object",
      "object_id": "10",
      "change_message": "",
      "user": 1,
      "content_type": 25
    }
  },
  {
    "pk": 31,
    "model": "admin.logentry",
    "fields": {
      "action_flag": 3,
      "action_time": "2012-04-26 16:31:10",
      "object_repr": "Meeting object",
      "object_id": "9",
      "change_message": "",
      "user": 1,
      "content_type": 25
    }
  },
  {
    "pk": 32,
    "model": "admin.logentry",
    "fields": {
      "action_flag": 3,
      "action_time": "2012-04-26 16:31:10",
      "object_repr": "Meeting object",
      "object_id": "8",
      "change_message": "",
      "user": 1,
      "content_type": 25
    }
  },
  {
    "pk": 33,
    "model": "admin.logentry",
    "fields": {
      "action_flag": 3,
      "action_time": "2012-04-26 16:31:10",
      "object_repr": "Meeting object",
      "object_id": "7",
      "change_message": "",
      "user": 1,
      "content_type": 25
    }
  },
  {
    "pk": 34,
    "model": "admin.logentry",
    "fields": {
      "action_flag": 3,
      "action_time": "2012-04-26 16:31:10",
      "object_repr": "Meeting object",
      "object_id": "6",
      "change_message": "",
      "user": 1,
      "content_type": 25
    }
  },
  {
    "pk": 35,
    "model": "admin.logentry",
    "fields": {
      "action_flag": 3,
      "action_time": "2012-04-26 16:31:10",
      "object_repr": "Meeting object",
      "object_id": "5",
      "change_message": "",
      "user": 1,
      "content_type": 25
    }
  },
  {
    "pk": 36,
    "model": "admin.logentry",
    "fields": {
      "action_flag": 3,
      "action_time": "2012-04-26 16:31:10",
      "object_repr": "Meeting object",
      "object_id": "4",
      "change_message": "",
      "user": 1,
      "content_type": 25
    }
  },
  {
    "pk": 37,
    "model": "admin.logentry",
    "fields": {
      "action_flag": 3,
      "action_time": "2012-04-26 16:31:10",
      "object_repr": "Meeting object",
      "object_id": "3",
      "change_message": "",
      "user": 1,
      "content_type": 25
    }
  },
  {
    "pk": 38,
    "model": "admin.logentry",
    "fields": {
      "action_flag": 3,
      "action_time": "2012-04-26 16:31:10",
      "object_repr": "Meeting object",
      "object_id": "2",
      "change_message": "",
      "user": 1,
      "content_type": 25
    }
  },
  {
    "pk": 39,
    "model": "admin.logentry",
    "fields": {
      "action_flag": 3,
      "action_time": "2012-04-26 16:31:10",
      "object_repr": "Meeting object",
      "object_id": "1",
      "change_message": "",
      "user": 1,
      "content_type": 25
    }
  },
  {
    "pk": 28,
    "model": "admin.logentry",
    "fields": {
      "action_flag": 2,
      "action_time": "2012-04-23 17:49:12",
      "object_repr": "http://213.108.214.68",
      "object_id": "2",
      "change_message": "\u0418\u0437\u043c\u0435\u043d\u0435\u043d domain \u0438 name.",
      "user": 1,
      "content_type": 7
    }
  },
  {
    "pk": 27,
    "model": "admin.logentry",
    "fields": {
      "action_flag": 3,
      "action_time": "2012-04-23 17:25:54",
      "object_repr": "example.com",
      "object_id": "1",
      "change_message": "",
      "user": 1,
      "content_type": 7
    }
  },
  {
    "pk": 26,
    "model": "admin.logentry",
    "fields": {
      "action_flag": 1,
      "action_time": "2012-04-23 17:25:45",
      "object_repr": "213.108.214.68",
      "object_id": "2",
      "change_message": "",
      "user": 1,
      "content_type": 7
    }
  },
  {
    "pk": 25,
    "model": "admin.logentry",
    "fields": {
      "action_flag": 2,
      "action_time": "2012-04-18 13:09:16",
      "object_repr": "\u0410\u043b\u0435\u043a\u0441\u0435\u0439 \u041c\u043e\u0438\u0441\u0435\u0435\u0432",
      "object_id": "1",
      "change_message": "\u041d\u0438 \u043e\u0434\u043d\u043e \u043f\u043e\u043b\u0435 \u043d\u0435 \u0438\u0437\u043c\u0435\u043d\u0435\u043d\u043e.",
      "user": 1,
      "content_type": 15
    }
  },
  {
    "pk": 24,
    "model": "admin.logentry",
    "fields": {
      "action_flag": 2,
      "action_time": "2012-04-18 13:08:43",
      "object_repr": "t1pupr",
      "object_id": "8",
      "change_message": "\u0418\u0437\u043c\u0435\u043d\u0435\u043d username.",
      "user": 1,
      "content_type": 10
    }
  },
  {
    "pk": 23,
    "model": "admin.logentry",
    "fields": {
      "action_flag": 2,
      "action_time": "2012-04-18 13:08:17",
      "object_repr": "\u0410\u043b\u0435\u043a\u0441\u0435\u0439 \u041c\u043e\u0438\u0441\u0435\u0435\u0432",
      "object_id": "1",
      "change_message": "\u0418\u0437\u043c\u0435\u043d\u0435\u043d diplomnik.",
      "user": 1,
      "content_type": 15
    }
  },
  {
    "pk": 22,
    "model": "admin.logentry",
    "fields": {
      "action_flag": 2,
      "action_time": "2012-04-18 12:52:57",
      "object_repr": "\u0410\u043b\u0435\u043a\u0441\u0435\u0439 \u041c\u043e\u0438\u0441\u0435\u0435\u0432",
      "object_id": "1",
      "change_message": "\u0418\u0437\u043c\u0435\u043d\u0435\u043d diplomnik.",
      "user": 1,
      "content_type": 15
    }
  },
  {
    "pk": 21,
    "model": "admin.logentry",
    "fields": {
      "action_flag": 2,
      "action_time": "2012-04-18 12:42:28",
      "object_repr": "\u0410\u043b\u0435\u043a\u0441\u0435\u0439 \u041c\u043e\u0438\u0441\u0435\u0435\u0432",
      "object_id": "1",
      "change_message": "\u0418\u0437\u043c\u0435\u043d\u0435\u043d diplomnik.",
      "user": 1,
      "content_type": 15
    }
  },
  {
    "pk": 20,
    "model": "admin.logentry",
    "fields": {
      "action_flag": 2,
      "action_time": "2012-04-18 11:36:04",
      "object_repr": "\u0421\u0435\u0440\u0433\u0435\u0439 \u0421\u0435\u0440\u0433\u0435\u0435\u0432",
      "object_id": "2",
      "change_message": "\u0418\u0437\u043c\u0435\u043d\u0435\u043d sex.",
      "user": 1,
      "content_type": 15
    }
  },
  {
    "pk": 19,
    "model": "admin.logentry",
    "fields": {
      "action_flag": 2,
      "action_time": "2012-04-18 11:36:00",
      "object_repr": "\u0410\u043b\u0435\u043a\u0441\u0435\u0439 \u041c\u043e\u0438\u0441\u0435\u0435\u0432",
      "object_id": "1",
      "change_message": "\u0418\u0437\u043c\u0435\u043d\u0435\u043d sex.",
      "user": 1,
      "content_type": 15
    }
  },
  {
    "pk": 18,
    "model": "admin.logentry",
    "fields": {
      "action_flag": 1,
      "action_time": "2012-04-18 11:35:51",
      "object_repr": "\u0414\u043c\u0438\u0442\u0440\u0438\u0439 \u041a\u0435\u0442\u043e\u0432",
      "object_id": "2",
      "change_message": "",
      "user": 1,
      "content_type": 11
    }
  },
  {
    "pk": 17,
    "model": "admin.logentry",
    "fields": {
      "action_flag": 2,
      "action_time": "2012-04-18 11:35:33",
      "object_repr": "t2",
      "object_id": "5",
      "change_message": "\u0418\u0437\u043c\u0435\u043d\u0435\u043d first_name \u0438 last_name.",
      "user": 1,
      "content_type": 3
    }
  },
  {
    "pk": 16,
    "model": "admin.logentry",
    "fields": {
      "action_flag": 2,
      "action_time": "2012-04-18 11:31:56",
      "object_repr": "t1",
      "object_id": "4",
      "change_message": "\u0418\u0437\u043c\u0435\u043d\u0435\u043d first_name \u0438 last_name.",
      "user": 1,
      "content_type": 3
    }
  },
  {
    "pk": 15,
    "model": "admin.logentry",
    "fields": {
      "action_flag": 1,
      "action_time": "2012-04-18 11:31:31",
      "object_repr": "",
      "object_id": "1",
      "change_message": "",
      "user": 1,
      "content_type": 11
    }
  },
  {
    "pk": 10,
    "model": "admin.logentry",
    "fields": {
      "action_flag": 3,
      "action_time": "2012-04-17 23:53:57",
      "object_repr": "a-moiseev",
      "object_id": "5",
      "change_message": "",
      "user": 1,
      "content_type": 10
    }
  },
  {
    "pk": 11,
    "model": "admin.logentry",
    "fields": {
      "action_flag": 3,
      "action_time": "2012-04-17 23:53:57",
      "object_repr": "alexey@moiseev.pro",
      "object_id": "4",
      "change_message": "",
      "user": 1,
      "content_type": 10
    }
  },
  {
    "pk": 12,
    "model": "admin.logentry",
    "fields": {
      "action_flag": 3,
      "action_time": "2012-04-17 23:53:57",
      "object_repr": "a-moiseev",
      "object_id": "3",
      "change_message": "",
      "user": 1,
      "content_type": 10
    }
  },
  {
    "pk": 13,
    "model": "admin.logentry",
    "fields": {
      "action_flag": 3,
      "action_time": "2012-04-17 23:53:57",
      "object_repr": "alexey@moiseev.pro",
      "object_id": "2",
      "change_message": "",
      "user": 1,
      "content_type": 10
    }
  },
  {
    "pk": 14,
    "model": "admin.logentry",
    "fields": {
      "action_flag": 3,
      "action_time": "2012-04-17 23:53:57",
      "object_repr": "alexey@moiseev.pro",
      "object_id": "1",
      "change_message": "",
      "user": 1,
      "content_type": 10
    }
  },
  {
    "pk": 9,
    "model": "admin.logentry",
    "fields": {
      "action_flag": 1,
      "action_time": "2012-04-17 23:26:59",
      "object_repr": "\u0412\u0441\u0442\u0440\u0435\u0447\u0430 \u0432 \u0447\u0430\u0442\u0435",
      "object_id": "3",
      "change_message": "",
      "user": 1,
      "content_type": 18
    }
  },
  {
    "pk": 8,
    "model": "admin.logentry",
    "fields": {
      "action_flag": 1,
      "action_time": "2012-04-17 23:26:53",
      "object_repr": "\u0412\u0441\u0442\u0440\u0435\u0447\u0430",
      "object_id": "2",
      "change_message": "",
      "user": 1,
      "content_type": 18
    }
  },
  {
    "pk": 7,
    "model": "admin.logentry",
    "fields": {
      "action_flag": 1,
      "action_time": "2012-04-17 23:26:31",
      "object_repr": "\u041f\u0440\u0438\u0435\u043c",
      "object_id": "1",
      "change_message": "",
      "user": 1,
      "content_type": 18
    }
  },
  {
    "pk": 6,
    "model": "admin.logentry",
    "fields": {
      "action_flag": 1,
      "action_time": "2012-04-17 23:26:02",
      "object_repr": "\u0414\u0438\u043f\u043b\u043e\u043c\u043d\u044b\u0439 \u043f\u0440\u043e\u0435\u043a\u0442 \u0441\u043f\u0435\u0446\u0438\u0430\u043b\u0438\u0441\u0442\u0430",
      "object_id": "3",
      "change_message": "",
      "user": 1,
      "content_type": 14
    }
  },
  {
    "pk": 5,
    "model": "admin.logentry",
    "fields": {
      "action_flag": 1,
      "action_time": "2012-04-17 23:25:53",
      "object_repr": "\u041c\u0430\u0433\u0438\u0441\u0442\u0435\u0440\u0441\u043a\u0430\u044f \u0434\u0438\u0441\u0441\u0435\u0440\u0442\u0430\u0446\u0438\u044f",
      "object_id": "2",
      "change_message": "",
      "user": 1,
      "content_type": 14
    }
  },
  {
    "pk": 4,
    "model": "admin.logentry",
    "fields": {
      "action_flag": 1,
      "action_time": "2012-04-17 23:25:44",
      "object_repr": "\u0412\u044b\u043f\u0443\u0441\u043a\u043d\u0430\u044f \u0440\u0430\u0431\u043e\u0442\u0430 \u0431\u0430\u043a\u0430\u043b\u0430\u0432\u0440\u0430",
      "object_id": "1",
      "change_message": "",
      "user": 1,
      "content_type": 14
    }
  },
  {
    "pk": 3,
    "model": "admin.logentry",
    "fields": {
      "action_flag": 1,
      "action_time": "2012-04-17 23:25:23",
      "object_repr": "\u041c\u0430\u0442\u0435\u043c\u0430\u0442\u0438\u0447\u0435\u0441\u043a\u043e\u0435 \u043e\u0431\u0435\u0441\u043f\u0435\u0447\u0435\u043d\u0438\u0435 \u0438 \u0430\u0434\u043c\u0438\u043d\u0438\u0441\u0442\u0440\u0438\u0440\u043e\u0432\u0430\u043d\u0438\u0435 \u0438\u043d\u0444\u043e\u0440\u043c\u0430\u0446\u0438\u043e\u043d\u043d\u044b\u0445 \u0441\u0438\u0441\u0442\u0435\u043c",
      "object_id": "3",
      "change_message": "",
      "user": 1,
      "content_type": 13
    }
  },
  {
    "pk": 2,
    "model": "admin.logentry",
    "fields": {
      "action_flag": 1,
      "action_time": "2012-04-17 23:25:14",
      "object_repr": "\u0414\u0438\u0437\u0430\u0439\u043d",
      "object_id": "2",
      "change_message": "",
      "user": 1,
      "content_type": 13
    }
  },
  {
    "pk": 1,
    "model": "admin.logentry",
    "fields": {
      "action_flag": 1,
      "action_time": "2012-04-17 23:25:09",
      "object_repr": "\u0412\u044b\u0447\u0438\u0441\u043b\u0438\u0442\u0435\u043b\u044c\u043d\u044b\u0435 \u043c\u0430\u0448\u0438\u043d\u044b, \u043a\u043e\u043c\u043f\u043b\u0435\u043a\u0441\u044b, \u0441\u0438\u0441\u0442\u0435\u043c\u044b \u0438 \u0441\u0435\u0442\u0438",
      "object_id": "1",
      "change_message": "",
      "user": 1,
      "content_type": 13
    }
  },
  {
    "pk": 8,
    "model": "project2.githubaccount",
    "fields": {
      "username": "t1pupr",
      "password": "hT6C5bi",
      "reponame": ""
    }
  },
  {
    "pk": 7,
    "model": "project2.githubaccount",
    "fields": {
      "username": "a-moiseev",
      "password": "192168Al",
      "reponame": "Diploma"
    }
  },
  {
    "pk": 6,
    "model": "project2.githubaccount",
    "fields": {
      "username": "a-moiseev",
      "password": "192168Al",
      "reponame": ""
    }
  },
  {
    "pk": 1,
    "model": "project2.teacher",
    "fields": {
      "position": "\u0441\u0442\u0430\u0440\u0448\u0438\u0439 \u043f\u0440\u0435\u043f\u043e\u0434\u0430\u0432\u0430\u0442\u0435\u043b\u044c",
      "github": 8,
      "middle_name": "\u0411\u043e\u0440\u0438\u0441\u043e\u0432\u0438\u0447",
      "user": 4,
      "sex": true
    }
  },
  {
    "pk": 2,
    "model": "project2.teacher",
    "fields": {
      "position": "\u0434\u043e\u0446\u0435\u043d\u0442",
      "github": null,
      "middle_name": "\u0412\u043b\u0430\u0434\u0438\u043c\u0438\u0440\u043e\u0432\u0438\u0447",
      "user": 5,
      "sex": true
    }
  },
  {
    "pk": 1,
    "model": "project2.theme",
    "fields": {
      "name": "\u0420\u0430\u0437\u0440\u0430\u0431\u043e\u0442\u043a\u0430 \u043f\u043e\u0440\u0442\u0430\u043b\u0430 \u0443\u043f\u0440\u0430\u0432\u043b\u0435\u043d\u0438\u044f \u0434\u0438\u043f\u043b\u043e\u043c\u043d\u044b\u043c\u0438 \u043f\u0440\u043e\u0435\u043a\u0442\u0430\u043c\u0438",
      "initial_data": "\u041d\u0435\u043e\u0431\u0445\u043e\u0434\u0438\u043c\u043e\u0441\u0442\u044c \u0440\u0430\u0437\u0440\u0430\u0431\u043e\u0442\u043a\u0438 \u043f\u043e\u0440\u0442\u0430\u043b\u0430 \u0443\u043f\u0440\u0430\u0432\u043b\u0435\u043d\u0438\u044f \u0434\u0438\u043f\u043b\u043e\u043c\u043d\u044b\u043c\u0438 \u043f\u0440\u043e\u0435\u043a\u0442\u0430\u043c\u0438",
      "comments": "\u041d\u0435\u043e\u0431\u0445\u043e\u0434\u0438\u043c\u043e \u0440\u0430\u0437\u0440\u0430\u0431\u043e\u0442\u0430\u0442\u044c \u043f\u043e\u0440\u0442\u0430\u043b \u0443\u043f\u0440\u0430\u0432\u043b\u0435\u043d\u0438\u044f \u0434\u0438\u043f\u043b\u043e\u043c\u043d\u044b\u043c\u0438 \u043f\u0440\u043e\u0435\u043a\u0442\u0430\u043c\u0438",
      "consultants": "",
      "teacher": 1,
      "contents": "1. \u041e\u0431\u0437\u043e\u0440 \u043f\u0440\u0435\u0434\u043c\u0435\u0442\u043d\u043e\u0439 \u043e\u0431\u043b\u0430\u0441\u0442\u0438\r\n2. \u0420\u0430\u0437\u0440\u0430\u0431\u043e\u0442\u043a\u0430\r\n3. \u0422\u0435\u0441\u0442\u0438\u0440\u043e\u0432\u0430\u043d\u0438\u0435"
    }
  },
  {
    "pk": 2,
    "model": "project2.theme",
    "fields": {
      "name": "\u0442\u0435\u043c\u0430 1",
      "initial_data": "\u0438\u0441\u0445. \u0434\u0430\u043d\u043d\u044b\u0435 1",
      "comments": "\u043a\u043e\u043c\u043c\u0435\u043d\u0442\u0430\u0440\u0438\u0438 \u0442\u0435\u043c\u0430 1\r\n\u0432\u044b\u0434\u0430\u0444\r\n\u0432\u0430\u043e\u0434\u043b\r\n\u0432\u0430\u043e\u043b",
      "consultants": "",
      "teacher": 1,
      "contents": "\u0441\u043e\u0434\u0435\u0440\u0436\u0430\u043d\u0438\u0435\r\n1\r\n2\r\n3\r\n4"
    }
  },
  {
    "pk": 3,
    "model": "project2.theme",
    "fields": {
      "name": "\u0442\u0435\u043c\u0430 2",
      "initial_data": "111",
      "comments": "111",
      "consultants": "111",
      "teacher": 1,
      "contents": "111"
    }
  },
  {
    "pk": 1,
    "model": "project2.specialization",
    "fields": {
      "name": "\u0412\u044b\u0447\u0438\u0441\u043b\u0438\u0442\u0435\u043b\u044c\u043d\u044b\u0435 \u043c\u0430\u0448\u0438\u043d\u044b, \u043a\u043e\u043c\u043f\u043b\u0435\u043a\u0441\u044b, \u0441\u0438\u0441\u0442\u0435\u043c\u044b \u0438 \u0441\u0435\u0442\u0438"
    }
  },
  {
    "pk": 2,
    "model": "project2.specialization",
    "fields": {
      "name": "\u0414\u0438\u0437\u0430\u0439\u043d"
    }
  },
  {
    "pk": 3,
    "model": "project2.specialization",
    "fields": {
      "name": "\u041c\u0430\u0442\u0435\u043c\u0430\u0442\u0438\u0447\u0435\u0441\u043a\u043e\u0435 \u043e\u0431\u0435\u0441\u043f\u0435\u0447\u0435\u043d\u0438\u0435 \u0438 \u0430\u0434\u043c\u0438\u043d\u0438\u0441\u0442\u0440\u0438\u0440\u043e\u0432\u0430\u043d\u0438\u0435 \u0438\u043d\u0444\u043e\u0440\u043c\u0430\u0446\u0438\u043e\u043d\u043d\u044b\u0445 \u0441\u0438\u0441\u0442\u0435\u043c"
    }
  },
  {
    "pk": 1,
    "model": "project2.typeofwork",
    "fields": {
      "name": "\u0412\u044b\u043f\u0443\u0441\u043a\u043d\u0430\u044f \u0440\u0430\u0431\u043e\u0442\u0430 \u0431\u0430\u043a\u0430\u043b\u0430\u0432\u0440\u0430"
    }
  },
  {
    "pk": 3,
    "model": "project2.typeofwork",
    "fields": {
      "name": "\u0414\u0438\u043f\u043b\u043e\u043c\u043d\u044b\u0439 \u043f\u0440\u043e\u0435\u043a\u0442 \u0441\u043f\u0435\u0446\u0438\u0430\u043b\u0438\u0441\u0442\u0430"
    }
  },
  {
    "pk": 2,
    "model": "project2.typeofwork",
    "fields": {
      "name": "\u041c\u0430\u0433\u0438\u0441\u0442\u0435\u0440\u0441\u043a\u0430\u044f \u0434\u0438\u0441\u0441\u0435\u0440\u0442\u0430\u0446\u0438\u044f"
    }
  },
  {
    "pk": 1,
    "model": "project2.student",
    "fields": {
      "github": 7,
      "middle_name": "\u0412\u0438\u043a\u0442\u043e\u0440\u043e\u0432\u0438\u0447",
      "specialization": 1,
      "semestr": 6,
      "type_of_work": 3,
      "sex": true,
      "diplomnik": true,
      "phone": "",
      "theme": 1,
      "birthday": "1977-04-27",
      "user": 2,
      "year": 2012,
      "month": "\u0438\u044e\u043d\u044c"
    }
  },
  {
    "pk": 2,
    "model": "project2.student",
    "fields": {
      "github": null,
      "middle_name": "\u0421\u0435\u0440\u0433\u0435\u0435\u0432\u0438\u0447",
      "specialization": 3,
      "semestr": 5,
      "type_of_work": null,
      "sex": true,
      "diplomnik": false,
      "phone": "",
      "theme": null,
      "birthday": "1989-08-11",
      "user": 3,
      "year": null,
      "month": ""
    }
  },
  {
    "pk": 1,
    "model": "project2.interest",
    "fields": {
      "teacher": 1,
      "name": "\u0418\u0441\u0441\u043b\u0435\u0434\u043e\u0432\u0430\u043d\u0438\u0435 \u0438 \u0440\u0430\u0437\u0440\u0430\u0431\u043e\u0442\u043a\u0430 \u043c\u0435\u0445\u0430\u043d\u0438\u0437\u043c\u043e\u0432 \u043e\u0431\u0435\u0441\u043f\u0435\u0447\u0435\u043d\u0438\u044f \u043a\u0430\u0447\u0435\u0441\u0442\u0432\u0430 \u043e\u0431\u0441\u043b\u0443\u0436\u0438\u0432\u0430\u043d\u0438\u044f \u0432 IP \u0441\u0435\u0442\u044f\u0445"
    }
  },
  {
    "pk": 2,
    "model": "project2.interest",
    "fields": {
      "teacher": 1,
      "name": "\u0418\u0441\u0441\u043b\u0435\u0434\u043e\u0432\u0430\u043d\u0438\u0435 \u0438 \u043e\u043f\u0442\u0438\u043c\u0438\u0437\u0430\u0446\u0438\u044f \u0430\u043b\u0433\u043e\u0440\u0438\u0442\u043c\u043e\u0432 \u043c\u0430\u0440\u0448\u0440\u0443\u0442\u0438\u0437\u0430\u0446\u0438\u0438"
    }
  },
  {
    "pk": 3,
    "model": "project2.interest",
    "fields": {
      "teacher": 1,
      "name": "\u0420\u0430\u0437\u0440\u0430\u0431\u043e\u0442\u043a\u0430 \u0438 \u0438\u0441\u0441\u043b\u0435\u0434\u043e\u0432\u0430\u043d\u0438\u0435 \u043c\u0435\u0442\u043e\u0434\u0438\u043a \u0430\u0432\u0442\u043e\u043c\u0430\u0442\u0438\u0437\u0430\u0446\u0438\u0438 \u0441\u0435\u0442\u0435\u0432\u043e\u0433\u043e \u0430\u0434\u043c\u0438\u043d\u0438\u0441\u0442\u0440\u0438\u0440\u043e\u0432\u0430\u043d\u0438\u044f"
    }
  },
  {
    "pk": 4,
    "model": "project2.interest",
    "fields": {
      "teacher": 1,
      "name": "\u0421\u0438\u0441\u0442\u0435\u043c\u043d\u043e\u0435 \u043f\u0440\u043e\u0433\u0440\u0430\u043c\u043c\u0438\u0440\u043e\u0432\u0430\u043d\u0438\u0435 \u0432 \u0441\u0440\u0435\u0434\u0435 UNIX"
    }
  },
  {
    "pk": 1,
    "model": "project2.special_message",
    "fields": {
      "themes": [
        1
      ],
      "interests": [],
      "message": 1
    }
  },
  {
    "pk": 2,
    "model": "project2.special_message",
    "fields": {
      "themes": [
        1
      ],
      "interests": [],
      "message": 2
    }
  },
  {
    "pk": 3,
    "model": "project2.special_message",
    "fields": {
      "themes": [
        2
      ],
      "interests": [
        3
      ],
      "message": 3
    }
  },
  {
    "pk": 1,
    "model": "project2.serie",
    "fields": {
      "primary_name": "\u041f\u0440\u0438\u0435\u043c"
    }
  },
  {
    "pk": 2,
    "model": "project2.serie",
    "fields": {
      "primary_name": "\u0412\u0441\u0442\u0440\u0435\u0447\u0430"
    }
  },
  {
    "pk": 3,
    "model": "project2.serie",
    "fields": {
      "primary_name": "\u0412\u0438\u0434\u0435\u043e\u043a\u043e\u043d\u0444\u0435\u0440\u0435\u043d\u0446\u0438\u044f"
    }
  },
  {
    "pk": 3,
    "model": "project2.event",
    "fields": {
      "specialization": null,
      "series": 3,
      "date_and_time": "2012-04-27 12:00:00",
      "endtime": "13:00:00",
      "meeting": null,
      "teacher": 2
    }
  },
  {
    "pk": 2,
    "model": "project2.event",
    "fields": {
      "specialization": null,
      "series": 1,
      "date_and_time": "2012-04-27 18:00:00",
      "endtime": "18:00:00",
      "meeting": null,
      "teacher": 2
    }
  },
  {
    "pk": 4,
    "model": "project2.event",
    "fields": {
      "specialization": null,
      "series": 3,
      "date_and_time": "2012-04-30 19:00:00",
      "endtime": "20:00:00",
      "meeting": null,
      "teacher": 1
    }
  },
  {
    "pk": 5,
    "model": "project2.event",
    "fields": {
      "specialization": null,
      "series": 3,
      "date_and_time": "2012-05-01 12:00:00",
      "endtime": null,
      "meeting": null,
      "teacher": 1
    }
  },
  {
    "pk": 4,
    "model": "project2.eventstudent",
    "fields": {
      "date": "2012-04-30",
      "event": 4,
      "student": 2,
      "time": "19:00:00"
    }
  },
  {
    "pk": 3,
    "model": "project2.eventstudent",
    "fields": {
      "date": "2012-04-30",
      "event": 4,
      "student": 1,
      "time": "19:00:00"
    }
  },
  {
    "pk": 1,
    "model": "registration.registrationprofile",
    "fields": {
      "activation_key": "ALREADY_ACTIVATED",
      "user": 2
    }
  },
  {
    "pk": 2,
    "model": "registration.registrationprofile",
    "fields": {
      "activation_key": "ALREADY_ACTIVATED",
      "user": 3
    }
  },
  {
    "pk": 3,
    "model": "registration.registrationprofile",
    "fields": {
      "activation_key": "ALREADY_ACTIVATED",
      "user": 4
    }
  },
  {
    "pk": 4,
    "model": "registration.registrationprofile",
    "fields": {
      "activation_key": "ALREADY_ACTIVATED",
      "user": 5
    }
  },
  {
    "pk": 5,
    "model": "registration.registrationprofile",
    "fields": {
      "activation_key": "89a34ec3ddd2b82d66e10d04b835a71ac866a442",
      "user": 6
    }
  },
  {
    "pk": 3,
    "model": "messages.message",
    "fields": {
      "body": " ",
      "recipient_deleted_at": null,
      "sender_deleted_at": null,
      "read_at": "2012-04-27 15:58:49",
      "parent_msg": null,
      "sent_at": "2012-04-20 19:50:10",
      "replied_at": null,
      "subject": "\u0417\u0430\u043f\u0440\u043e\u0441",
      "recipient": 4,
      "sender": 3
    }
  },
  {
    "pk": 2,
    "model": "messages.message",
    "fields": {
      "body": " ",
      "recipient_deleted_at": null,
      "sender_deleted_at": null,
      "read_at": "2012-04-18 12:35:25",
      "parent_msg": null,
      "sent_at": "2012-04-18 12:35:13",
      "replied_at": null,
      "subject": "\u0422\u0435\u043c\u0430",
      "recipient": 2,
      "sender": 4
    }
  },
  {
    "pk": 1,
    "model": "messages.message",
    "fields": {
      "body": " ",
      "recipient_deleted_at": null,
      "sender_deleted_at": null,
      "read_at": "2012-04-18 12:35:06",
      "parent_msg": null,
      "sent_at": "2012-04-18 12:34:53",
      "replied_at": null,
      "subject": "\u0417\u0430\u043f\u0440\u043e\u0441",
      "recipient": 4,
      "sender": 2
    }
  },
  {
    "pk": 25,
    "model": "auth.permission",
    "fields": {
      "codename": "add_logentry",
      "name": "Can add log entry",
      "content_type": 9
    }
  },
  {
    "pk": 26,
    "model": "auth.permission",
    "fields": {
      "codename": "change_logentry",
      "name": "Can change log entry",
      "content_type": 9
    }
  },
  {
    "pk": 27,
    "model": "auth.permission",
    "fields": {
      "codename": "delete_logentry",
      "name": "Can delete log entry",
      "content_type": 9
    }
  },
  {
    "pk": 4,
    "model": "auth.permission",
    "fields": {
      "codename": "add_group",
      "name": "Can add group",
      "content_type": 2
    }
  },
  {
    "pk": 5,
    "model": "auth.permission",
    "fields": {
      "codename": "change_group",
      "name": "Can change group",
      "content_type": 2
    }
  },
  {
    "pk": 6,
    "model": "auth.permission",
    "fields": {
      "codename": "delete_group",
      "name": "Can delete group",
      "content_type": 2
    }
  },
  {
    "pk": 10,
    "model": "auth.permission",
    "fields": {
      "codename": "add_message",
      "name": "Can add message",
      "content_type": 4
    }
  },
  {
    "pk": 11,
    "model": "auth.permission",
    "fields": {
      "codename": "change_message",
      "name": "Can change message",
      "content_type": 4
    }
  },
  {
    "pk": 12,
    "model": "auth.permission",
    "fields": {
      "codename": "delete_message",
      "name": "Can delete message",
      "content_type": 4
    }
  },
  {
    "pk": 1,
    "model": "auth.permission",
    "fields": {
      "codename": "add_permission",
      "name": "Can add permission",
      "content_type": 1
    }
  },
  {
    "pk": 2,
    "model": "auth.permission",
    "fields": {
      "codename": "change_permission",
      "name": "Can change permission",
      "content_type": 1
    }
  },
  {
    "pk": 3,
    "model": "auth.permission",
    "fields": {
      "codename": "delete_permission",
      "name": "Can delete permission",
      "content_type": 1
    }
  },
  {
    "pk": 7,
    "model": "auth.permission",
    "fields": {
      "codename": "add_user",
      "name": "Can add user",
      "content_type": 3
    }
  },
  {
    "pk": 8,
    "model": "auth.permission",
    "fields": {
      "codename": "change_user",
      "name": "Can change user",
      "content_type": 3
    }
  },
  {
    "pk": 9,
    "model": "auth.permission",
    "fields": {
      "codename": "delete_user",
      "name": "Can delete user",
      "content_type": 3
    }
  },
  {
    "pk": 73,
    "model": "auth.permission",
    "fields": {
      "codename": "add_meeting",
      "name": "Can add meeting",
      "content_type": 25
    }
  },
  {
    "pk": 74,
    "model": "auth.permission",
    "fields": {
      "codename": "change_meeting",
      "name": "Can change meeting",
      "content_type": 25
    }
  },
  {
    "pk": 75,
    "model": "auth.permission",
    "fields": {
      "codename": "delete_meeting",
      "name": "Can delete meeting",
      "content_type": 25
    }
  },
  {
    "pk": 70,
    "model": "auth.permission",
    "fields": {
      "codename": "add_message",
      "name": "Can add message",
      "content_type": 24
    }
  },
  {
    "pk": 71,
    "model": "auth.permission",
    "fields": {
      "codename": "change_message",
      "name": "Can change message",
      "content_type": 24
    }
  },
  {
    "pk": 72,
    "model": "auth.permission",
    "fields": {
      "codename": "delete_message",
      "name": "Can delete message",
      "content_type": 24
    }
  },
  {
    "pk": 67,
    "model": "auth.permission",
    "fields": {
      "codename": "add_room",
      "name": "Can add room",
      "content_type": 23
    }
  },
  {
    "pk": 68,
    "model": "auth.permission",
    "fields": {
      "codename": "change_room",
      "name": "Can change room",
      "content_type": 23
    }
  },
  {
    "pk": 69,
    "model": "auth.permission",
    "fields": {
      "codename": "delete_room",
      "name": "Can delete room",
      "content_type": 23
    }
  },
  {
    "pk": 13,
    "model": "auth.permission",
    "fields": {
      "codename": "add_contenttype",
      "name": "Can add content type",
      "content_type": 5
    }
  },
  {
    "pk": 14,
    "model": "auth.permission",
    "fields": {
      "codename": "change_contenttype",
      "name": "Can change content type",
      "content_type": 5
    }
  },
  {
    "pk": 15,
    "model": "auth.permission",
    "fields": {
      "codename": "delete_contenttype",
      "name": "Can delete content type",
      "content_type": 5
    }
  },
  {
    "pk": 22,
    "model": "auth.permission",
    "fields": {
      "codename": "add_message",
      "name": "Can add Message",
      "content_type": 8
    }
  },
  {
    "pk": 23,
    "model": "auth.permission",
    "fields": {
      "codename": "change_message",
      "name": "Can change Message",
      "content_type": 8
    }
  },
  {
    "pk": 24,
    "model": "auth.permission",
    "fields": {
      "codename": "delete_message",
      "name": "Can delete Message",
      "content_type": 8
    }
  },
  {
    "pk": 55,
    "model": "auth.permission",
    "fields": {
      "codename": "add_event",
      "name": "Can add event",
      "content_type": 19
    }
  },
  {
    "pk": 56,
    "model": "auth.permission",
    "fields": {
      "codename": "change_event",
      "name": "Can change event",
      "content_type": 19
    }
  },
  {
    "pk": 57,
    "model": "auth.permission",
    "fields": {
      "codename": "delete_event",
      "name": "Can delete event",
      "content_type": 19
    }
  },
  {
    "pk": 58,
    "model": "auth.permission",
    "fields": {
      "codename": "add_eventstudent",
      "name": "Can add event student",
      "content_type": 20
    }
  },
  {
    "pk": 59,
    "model": "auth.permission",
    "fields": {
      "codename": "change_eventstudent",
      "name": "Can change event student",
      "content_type": 20
    }
  },
  {
    "pk": 60,
    "model": "auth.permission",
    "fields": {
      "codename": "delete_eventstudent",
      "name": "Can delete event student",
      "content_type": 20
    }
  },
  {
    "pk": 28,
    "model": "auth.permission",
    "fields": {
      "codename": "add_githubaccount",
      "name": "Can add git hub account",
      "content_type": 10
    }
  },
  {
    "pk": 29,
    "model": "auth.permission",
    "fields": {
      "codename": "change_githubaccount",
      "name": "Can change git hub account",
      "content_type": 10
    }
  },
  {
    "pk": 30,
    "model": "auth.permission",
    "fields": {
      "codename": "delete_githubaccount",
      "name": "Can delete git hub account",
      "content_type": 10
    }
  },
  {
    "pk": 46,
    "model": "auth.permission",
    "fields": {
      "codename": "add_interest",
      "name": "Can add interest",
      "content_type": 16
    }
  },
  {
    "pk": 47,
    "model": "auth.permission",
    "fields": {
      "codename": "change_interest",
      "name": "Can change interest",
      "content_type": 16
    }
  },
  {
    "pk": 48,
    "model": "auth.permission",
    "fields": {
      "codename": "delete_interest",
      "name": "Can delete interest",
      "content_type": 16
    }
  },
  {
    "pk": 52,
    "model": "auth.permission",
    "fields": {
      "codename": "add_serie",
      "name": "Can add serie",
      "content_type": 18
    }
  },
  {
    "pk": 53,
    "model": "auth.permission",
    "fields": {
      "codename": "change_serie",
      "name": "Can change serie",
      "content_type": 18
    }
  },
  {
    "pk": 54,
    "model": "auth.permission",
    "fields": {
      "codename": "delete_serie",
      "name": "Can delete serie",
      "content_type": 18
    }
  },
  {
    "pk": 49,
    "model": "auth.permission",
    "fields": {
      "codename": "add_special_message",
      "name": "Can add special_message",
      "content_type": 17
    }
  },
  {
    "pk": 50,
    "model": "auth.permission",
    "fields": {
      "codename": "change_special_message",
      "name": "Can change special_message",
      "content_type": 17
    }
  },
  {
    "pk": 51,
    "model": "auth.permission",
    "fields": {
      "codename": "delete_special_message",
      "name": "Can delete special_message",
      "content_type": 17
    }
  },
  {
    "pk": 37,
    "model": "auth.permission",
    "fields": {
      "codename": "add_specialization",
      "name": "Can add specialization",
      "content_type": 13
    }
  },
  {
    "pk": 38,
    "model": "auth.permission",
    "fields": {
      "codename": "change_specialization",
      "name": "Can change specialization",
      "content_type": 13
    }
  },
  {
    "pk": 39,
    "model": "auth.permission",
    "fields": {
      "codename": "delete_specialization",
      "name": "Can delete specialization",
      "content_type": 13
    }
  },
  {
    "pk": 61,
    "model": "auth.permission",
    "fields": {
      "codename": "add_stage",
      "name": "Can add stage",
      "content_type": 21
    }
  },
  {
    "pk": 62,
    "model": "auth.permission",
    "fields": {
      "codename": "change_stage",
      "name": "Can change stage",
      "content_type": 21
    }
  },
  {
    "pk": 63,
    "model": "auth.permission",
    "fields": {
      "codename": "delete_stage",
      "name": "Can delete stage",
      "content_type": 21
    }
  },
  {
    "pk": 43,
    "model": "auth.permission",
    "fields": {
      "codename": "add_student",
      "name": "Can add student",
      "content_type": 15
    }
  },
  {
    "pk": 44,
    "model": "auth.permission",
    "fields": {
      "codename": "change_student",
      "name": "Can change student",
      "content_type": 15
    }
  },
  {
    "pk": 45,
    "model": "auth.permission",
    "fields": {
      "codename": "delete_student",
      "name": "Can delete student",
      "content_type": 15
    }
  },
  {
    "pk": 31,
    "model": "auth.permission",
    "fields": {
      "codename": "add_teacher",
      "name": "Can add teacher",
      "content_type": 11
    }
  },
  {
    "pk": 32,
    "model": "auth.permission",
    "fields": {
      "codename": "change_teacher",
      "name": "Can change teacher",
      "content_type": 11
    }
  },
  {
    "pk": 33,
    "model": "auth.permission",
    "fields": {
      "codename": "delete_teacher",
      "name": "Can delete teacher",
      "content_type": 11
    }
  },
  {
    "pk": 34,
    "model": "auth.permission",
    "fields": {
      "codename": "add_theme",
      "name": "Can add theme",
      "content_type": 12
    }
  },
  {
    "pk": 35,
    "model": "auth.permission",
    "fields": {
      "codename": "change_theme",
      "name": "Can change theme",
      "content_type": 12
    }
  },
  {
    "pk": 36,
    "model": "auth.permission",
    "fields": {
      "codename": "delete_theme",
      "name": "Can delete theme",
      "content_type": 12
    }
  },
  {
    "pk": 40,
    "model": "auth.permission",
    "fields": {
      "codename": "add_typeofwork",
      "name": "Can add type of work",
      "content_type": 14
    }
  },
  {
    "pk": 41,
    "model": "auth.permission",
    "fields": {
      "codename": "change_typeofwork",
      "name": "Can change type of work",
      "content_type": 14
    }
  },
  {
    "pk": 42,
    "model": "auth.permission",
    "fields": {
      "codename": "delete_typeofwork",
      "name": "Can delete type of work",
      "content_type": 14
    }
  },
  {
    "pk": 64,
    "model": "auth.permission",
    "fields": {
      "codename": "add_registrationprofile",
      "name": "Can add registration profile",
      "content_type": 22
    }
  },
  {
    "pk": 65,
    "model": "auth.permission",
    "fields": {
      "codename": "change_registrationprofile",
      "name": "Can change registration profile",
      "content_type": 22
    }
  },
  {
    "pk": 66,
    "model": "auth.permission",
    "fields": {
      "codename": "delete_registrationprofile",
      "name": "Can delete registration profile",
      "content_type": 22
    }
  },
  {
    "pk": 16,
    "model": "auth.permission",
    "fields": {
      "codename": "add_session",
      "name": "Can add session",
      "content_type": 6
    }
  },
  {
    "pk": 17,
    "model": "auth.permission",
    "fields": {
      "codename": "change_session",
      "name": "Can change session",
      "content_type": 6
    }
  },
  {
    "pk": 18,
    "model": "auth.permission",
    "fields": {
      "codename": "delete_session",
      "name": "Can delete session",
      "content_type": 6
    }
  },
  {
    "pk": 19,
    "model": "auth.permission",
    "fields": {
      "codename": "add_site",
      "name": "Can add site",
      "content_type": 7
    }
  },
  {
    "pk": 20,
    "model": "auth.permission",
    "fields": {
      "codename": "change_site",
      "name": "Can change site",
      "content_type": 7
    }
  },
  {
    "pk": 21,
    "model": "auth.permission",
    "fields": {
      "codename": "delete_site",
      "name": "Can delete site",
      "content_type": 7
    }
  },
  {
    "pk": 1,
    "model": "auth.user",
    "fields": {
      "username": "admin",
      "first_name": "",
      "last_name": "",
      "is_active": true,
      "is_superuser": true,
      "is_staff": true,
      "last_login": "2012-04-26 16:15:44",
      "groups": [],
      "user_permissions": [],
      "password": "sha1$e6172$3f9c72d094f21bb573219594ea2503bf8ffb1bd8",
      "email": "alexey@moiseev.pro",
      "date_joined": "2012-04-17 23:18:03"
    }
  },
  {
    "pk": 2,
    "model": "auth.user",
    "fields": {
      "username": "student",
      "first_name": "\u0410\u043b\u0435\u043a\u0441\u0435\u0439",
      "last_name": "\u041c\u043e\u0438\u0441\u0435\u0435\u0432",
      "is_active": true,
      "is_superuser": false,
      "is_staff": false,
      "last_login": "2012-04-26 22:11:51",
      "groups": [],
      "user_permissions": [],
      "password": "sha1$ab168$2284ae1ddf23643ee0880b2378f5ec0657be89be",
      "email": "student@localhost.local",
      "date_joined": "2012-04-17 23:29:27"
    }
  },
  {
    "pk": 3,
    "model": "auth.user",
    "fields": {
      "username": "s1",
      "first_name": "\u0421\u0435\u0440\u0433\u0435\u0439",
      "last_name": "\u0421\u0435\u0440\u0433\u0435\u0435\u0432",
      "is_active": true,
      "is_superuser": false,
      "is_staff": false,
      "last_login": "2012-04-26 17:03:24",
      "groups": [],
      "user_permissions": [],
      "password": "sha1$cff30$5b915d7bbdb56cccb49c629b576e195f6b47b5f3",
      "email": "s1@localhost.local",
      "date_joined": "2012-04-18 11:06:09"
    }
  },
  {
    "pk": 4,
    "model": "auth.user",
    "fields": {
      "username": "t1",
      "first_name": "\u0418\u0433\u043e\u0440\u044c",
      "last_name": "\u0410\u0440\u0445\u0438\u043c\u0430\u043d\u0434\u0440\u0438\u0442\u043e\u0432",
      "is_active": true,
      "is_superuser": false,
      "is_staff": false,
      "last_login": "2012-04-27 16:10:54",
      "groups": [],
      "user_permissions": [],
      "password": "sha1$deaee$a8d25ba2d4b89a80ac509e363a9df126216df890",
      "email": "t1@localhost.local",
      "date_joined": "2012-04-18 11:10:35"
    }
  },
  {
    "pk": 5,
    "model": "auth.user",
    "fields": {
      "username": "t2",
      "first_name": "\u0414\u043c\u0438\u0442\u0440\u0438\u0439",
      "last_name": "\u041a\u0435\u0442\u043e\u0432",
      "is_active": true,
      "is_superuser": false,
      "is_staff": false,
      "last_login": "2012-04-26 15:56:41",
      "groups": [],
      "user_permissions": [],
      "password": "sha1$9a3a3$14240818e695f7a8ad411769252668b187f53b4c",
      "email": "t2@localhost.local",
      "date_joined": "2012-04-18 11:33:35"
    }
  },
  {
    "pk": 6,
    "model": "auth.user",
    "fields": {
      "username": "test",
      "first_name": "",
      "last_name": "",
      "is_active": false,
      "is_superuser": false,
      "is_staff": false,
      "last_login": "2012-04-23 17:18:57",
      "groups": [],
      "user_permissions": [],
      "password": "sha1$bd404$e60efa8b6cf4ee0e08cc6ae1f97a1c6a2db201e8",
      "email": "admin@speclit.ru",
      "date_joined": "2012-04-23 17:18:57"
    }
  }
]